ID,"Snabba vändningar fot, Utrustning","Snabba vändningar fot, #1","Snabba vändningar fot, #2","Snabba vändningar fot, #3","Snabba vändningar fot, #4","Snabba vändningar fot, #5","Snabba vändningar fot, #6","Snabba vändningar fot, #7","Snabba vändningar fot, #8","Snabba vändningar fot, #9","Snabba vändningar fot, #10","Tennisboll över bom, Utrustning","Tennisboll över bom, #1","Droppboll, Utrustning","Droppboll, #1","Droppboll, #2","Droppboll, #3","Droppboll, #4","Droppboll, #5","Droppboll, #6","Droppboll, #7","Jonglera med armbåge, Utrustning","Jonglera med armbåge, #1","Jonglera med armbåge, #2","Jonglera med armbåge, #3","Kasta och fånga, Utrustning","Kasta och fånga, #1","Kasta och fånga, #2","Jonglera mot vägg, Utrustning","Jonglera mot vägg, #1","Jonglera mot vägg, #2","Jonglera mot vägg, #3","Kanonen, Utrustning","Kanonen, #1","Jonglera med knä, Utrustning","Jonglera med knä, #1","Jonglera med knä, #2","Jonglera med knä, #3","Studsa basket, Utrustning","Studsa basket, #1","Studsa basket, #2","Balansera bollen, Utrustning","Balansera bollen, #1","Balansera bollen, #2","Balansera bollen, #3","Minigolf, Utrustning","Minigolf, Höger/Vänster","Minigolf, #1","Minigolf, #2","Minigolf, #3","Minigolf, #4","Minigolf, #5","Minigolf, #6","Snabba vändningar klubba, Utrustning","Snabba vändningar klubba, #1","Snabba vändningar klubba, #2","Snabba vändningar klubba, #3","Snabba vändningar klubba, #4","Snabba vändningar klubba, #5","Snabba vändningar klubba, #6","Snabba vändningar klubba, #7","Snabba vändningar klubba, #8","Snabba vändningar klubba, #9","Snabba vändningar klubba, #10"
1, fot,1.636,1.915,1.465,2.8360000000000003,1.466,2.8169999999999997,1.847,1.765,1.268,1.768, rack,3.0, rack,4.8520002365112305,5.05200004577637,4.5460000038147, 4.52199983596802, 5.37200021743774, 10.9650001525879, 6.78599977493286, armbåge,3.0,4.0,3.0, hand,4.0, 12.0, fot,2.0,1.0, 2.0, klubba,8.0, lår,2.0,4.0, 4.0, hand,11.0,14.0, slagträ,1.57299995422363,1.55400002002716, 2.76900005340576, klubba, höger,0.0,3.0, 0.0, 0.0, 0.0, 3.0, klubba,1.501,1.5659999999999998,2.371,1.53,2.5069999999999997,1.46,1.4680000000000002,1.17,1.147,1.1840000000000002
2, fot,1.304,1.227,2.506,1.329,1.5019999999999998,4.435,3.5010000000000003,1.994,1.57,2.568, rack,3.0, rack,11.538999557495101,5.86899995803833,4.92000007629395, 15.0, 4.71600008010864, 15.0, 5.68699979782104, armbåge,4.0,4.0,5.0, hand,2.0, 11.0, fot,5.0,2.0, 2.0, klubba,4.0, lår,2.0,2.0, 2.0, hand,3.0,8.0, slagträ,2.56900000572205,1.3029999732971203, 0.634999990463257, klubba, höger,2.0,2.0, 2.0, 1.0, 0.0, 0.0, klubba,1.16,1.795,1.367,1.004,1.399,1.337,1.232,1.0959999999999999,1.068,0.87
3, fot,2.427,2.971,2.7960000000000003,3.0180000000000002,2.861,3.1689999999999996,2.396,3.0380000000000003,2.366,5.8, rack,1.0, rack,15.0,9.94400024414062,15.0, 15.0, 15.0, 7.3730001449585, 15.0, armbåge,2.0, 3.0, 2.0, hand,2.0, 2.0, fot,2.0, 0.0, 0.0, klubba,6.0, lår,1.0,1.0,2.0, hand,4.0,5.0, slagträ,0.6359999775886539,0.47299998998641996, 0.879000008106232, klubba, vänster,0.0,2.0, 0.0, 0.0, 0.0, 0.0, klubba,0.836,1.733,1.63,1.305,1.578,1.271,1.3980000000000001,1.3969999999999998,1.4380000000000002,1.13
4, fot,1.3019999999999998,3.5660000000000003,7.362,4.668,5.263,4.837,3.0980000000000003,3.306,3.264,3.4339999999999997, rack,1.0, rack,15.0,15.0,15.0, 14.9820003509521, 15.0, 15.0, 15.0, armbåge,1.0, 1.0, 1.0, hand,0.0, 0.0, fot,1.0, 0.0, 0.0, klubba,7.0, lår,1.0, 1.0, 2.0, hand,7.0,9.0, slagträ,0.6549999713897711,1.84800004959106, 0.981000006198883, klubba, höger,0.0,2.0, 1.0, 3.0, 0.0, 3.0, klubba,1.139,2.233,2.7680000000000002,1.565,2.234,1.5330000000000001,1.364,1.338,4.331,3.568
5, fot,1.435,1.465,4.98,2.6510000000000002,2.8680000000000003,2.597,4.037,2.965,3.6289999999999996,4.168, rack,3.0, rack,15.0,14.9930000305176,7.125999927520749, 15.0, 15.0, 10.798999786377, 9.82999992370605, armbåge,2.0, 3.0, 2.0, hand,9.0, 2.0, fot,1.0, 1.0, 0.0, klubba,5.0, lår,1.0,1.0,1.0, hand,14.0,7.0, slagträ,2.08299994468689,2.5069999694824197, 0.430000007152557, klubba, höger,0.0,0.0, 0.0, 0.0, 0.0, 0.0, klubba,1.228,1.136,0.9,0.935,0.997,1.068,0.835,1.2990000000000002,0.929,0.775
6, fot,1.133,1.797,1.62,2.898,1.7309999999999999,2.238,1.6640000000000001,4.133,2.971,2.36, rack,2.0, rack,10.5550003051758,7.73600006103516,7.58300018310547, 6.72300004959106, 6.40999984741211, 6.47100019454956, 5.56699991226196, armbåge,5.0, 5.0, 4.0, hand,3.0, 0.0, fot,0.0, 0.0, 1.0, klubba,4.0, lår,1.0, 3.0, 5.0, hand,13.0,12.0, slagträ,1.0700000524520898,2.77800011634827, 1.29900002479553, klubba, höger,2.0,0.0, 0.0, 0.0, 0.0, 0.0, klubba,1.24611111111111,1.5019999999999998,1.203,1.365,1.537,1.145,0.76,1.172,1.3,1.2309999999999999
7, fot,1.495,2.197,2.369,2.367,2.499,2.77,2.529,2.367,0.733,1.3030000000000002, rack,4.0, rack,7.2960000038147,5.96799993515015,11.2329998016357, 11.5109996795654, 7.09700012207031, 5.99300003051758, 5.51000022888184, armbåge,3.0, 5.0, 2.0, hand,1.0, 4.0, fot,1.0,1.0, 1.0, klubba,7.0, lår,2.0,2.0, 2.0, hand,5.0,3.0, slagträ,0.6930000185966488,1.06299996376038, 1.41600000858307, klubba, höger,0.0, 2.0, 0.0, 2.0, 0.0, 2.0, klubba,1.591,2.0869999999999997,1.66,1.472,1.666,1.4969999999999999,1.7990000000000002,1.224,1.7309999999999999,1.7
8, fot,1.4680000000000002,2.366,2.679,1.699,3.3680000000000003,3.034,3.033,2.9019999999999997,2.535,1.83, rack,1.0, rack,10.897000312805199,15.0,15.0, 15.0, 15.0, 15.0, 15.0, armbåge,2.0, 2.0, 2.0, hand,0.0, 1.0, fot,0.0,1.0, 2.0, klubba,9.0, lår,3.0,1.0, 2.0, hand,3.0,4.0, slagträ,1.03100001811981,0.570999979972839, 1.66400003433228, klubba, höger,1.0, 0.0, 0.0, 0.0, 1.0, 3.0, klubba,0.935,1.77,2.401,1.462,1.9709999999999999,1.5959999999999999,1.633,1.771,1.764,1.876
9, fot,1.203,1.444,1.72,2.218,1.829,3.37,1.8659999999999999,1.8630000000000002,3.065,1.635, rack,2.0, rack,15.0,15.0,15.0, 14.9370002746582, 6.73699998855591, 5.44700002670288, 5.95499992370605, armbåge,2.0,1.0,2.0, hand,2.0, 0.0, fot,3.0, 0.0, 2.0, klubba,4.0, lår,2.0,2.0, 2.0, hand,12.0,12.0, slagträ,0.8759999871253971,1.3159999847412098, 0.125, klubba, höger,0.0,0.0,0.0, 0.0, 2.0, 1.0, klubba,0.902,1.3940000000000001,1.169,0.968,1.3,1.3319999999999999,1.133,1.219,1.367,1.2309999999999999
10, fot,1.564,2.267,1.841,1.944,2.03,1.5530000000000002,2.499,2.1519999999999997,2.2969999999999997,2.1, rack,4.0, rack,8.831000328063961,5.45499992370605,6.69799995422363, 4.72599983215332, 5.26999998092651, 5.24900007247925, 4.55000019073486, armbåge,1.0,4.0,4.0, hand,14.0, 4.0, fot,4.0, 2.0, 1.0, klubba,6.0, lår,2.0,2.0, 2.0, hand,11.0,13.0, slagträ,1.27199995517731,1.32400000095367, 0.90200001001358, klubba, vänster,0.0,0.0,0.0, 0.0, 2.0, 0.0, klubba,1.099,1.1520000000000001,1.281,1.1320000000000001,1.236,1.131,1.432,1.04,0.995,0.9359999999999999
11, fot,1.466,1.093,2.97,2.456,2.095,9.08,2.272,2.431,2.4,4.037, rack,2.0, rack,4.37200021743774,4.8730001449585005,5.03000020980835, 3.62299990653992, 3.24499988555908, 3.58899998664856, 9.24300003051758, armbåge,3.0, 1.0, 2.0, hand,4.0, 3.0, fot,1.0,0.0, 1.0, klubba,5.0, lår,6.0,4.0, 3.0, hand,2.0,8.0, slagträ,0.7979999780654911,0.586000025272369, 0.778999984264374, klubba, höger,1.0, 0.0, 0.0, 0.0, 0.0, 0.0, klubba,0.8690000000000001,1.061,1.439,1.2329999999999999,1.8659999999999999,1.633,2.235,13.960999999999999,0.9079999999999999,1.581
12, fot,1.6280000000000001,1.666,4.8389999999999995,1.6969999999999998,2.685,5.23,1.815,3.551,2.048,3.005, rack,6.0, rack,11.828000068664599,5.99200010299683,5.6739997863769505, 6.82800006866455, 4.73799991607666, 4.7350001335144, 4.79699993133545, armbåge,3.0,3.0, 3.0, hand,12.0,1.0, fot,0.0,1.0, 0.0, klubba,3.0, lår,4.0,6.0, 1.0, hand,18.0,17.0, slagträ,2.52099990844727,2.23200011253357, 4.08500003814697, klubba, vänster,0.0,3.0, 3.0, 0.0, 3.0, 0.0, klubba,1.368,1.199,1.449,1.365,7.337000000000001,2.064,0.93,1.8840000000000001,1.232,2.736
13, fot,2.696,1.4409999999999998,3.1310000000000002,4.898,3.397,0.732,2.336,3.738,1.196,5.4670000000000005, rack,6.0, rack,5.94199991226196, 5.75299978256226, 5.0939998626709, 4.59100008010864, 4.43100023269653, 4.31799983978271, 4.08099985122681, armbåge,3.0, 4.0, 3.0, hand,4.0, 8.0, fot,0.0,0.0, 0.0, klubba,8.0, lår,1.0, 3.0, 4.0, hand,1.0,5.0, slagträ,2.34500002861023,1.83399999141693, 0.924000024795532, klubba, höger,2.0,3.0, 0.0, 1.0, 0.0, 0.0, klubba,0.8448888888888891,0.603,0.8340000000000001,0.633,0.7659999999999999,0.8640000000000001,0.633,1.901,0.624,0.746
14, fot,1.3659999999999999,6.303,5.928999999999999,1.3359999999999999,1.7069999999999999,3.0269999999999997,3.031,2.502,1.696,2.207, rack,1.0, rack,10.9689998626709, 5.7350001335144, 6.79500007629395, 6.12099981307983, 5.47800016403198, 8.31799983978271, 6.79199981689453, armbåge,4.0, 3.0, 3.0, hand,12.0, 1.0, fot,1.0,1.0, 0.0, klubba,8.0, lår,2.0, 3.0, 2.0, hand,5.0,9.0, slagträ,1.3309999704361,3.19199991226196, 1.71000003814697, klubba, höger,1.0,1.0, 2.0, 3.0, 2.0, 0.0, klubba,0.7659999999999999,0.799,1.072,0.9670000000000001,1.061,1.102,0.9329999999999999,1.067,1.001,1.0
15, fot,0.6659999999999999,1.062,0.971,1.4669999999999999,1.295,1.367,1.167,1.9680000000000002,1.234,0.855, rack,4.0, rack,3.93700003623962, 5.79099988937378, 5.55000019073486, 3.15000009536743, 2.66199994087219, 2.40300011634827, 2.80999994277954, armbåge,9.0, 6.0, 3.0, hand,8.0, 20.0, fot,11.0, 6.0, 3.0, klubba,8.0, lår,9.0,12.0, 14.0, hand,21.0,19.0, slagträ,3.0710000991821302,2.28900003433228, 1.86800003051758, klubba, vänster,0.0,0.0, 0.0, 1.0, 2.0, 0.0, klubba,0.73,0.6779999999999999,0.866,0.672,0.885,0.696,0.851,0.631,0.835,0.667
16, fot,1.234,0.802,1.798,0.602,0.9990000000000001,1.195,1.07,3.638,1.4269999999999998,2.388, rack,11.0, rack,10.267999649047901, 2.25300002098083, 8.88899993896484, 6.8750, 5.875, 5.948306, 6.965133, armbåge,3.0, 3.0, 3.0, hand,10.0, 12.0, fot,2.0, 3.0, 5.0, klubba,12.0, lår,2.0,2.0, 9.0, hand,3.0,10.0, slagträ,4.76300001144409,2.06399989128113, 2.41899991035461, klubba, vänster,0.0,1.0, 1.0, 2.0, 3.0, 1.0, klubba,0.662,2.67,0.764,0.578,2.2,0.5670000000000001,0.9059999999999999,0.615,0.816,0.67
17, fot,0.998,1.367,2.167,1.433,1.505,1.501,1.499,1.662,1.436,1.499, rack,5.0, rack,6.90700006484985, 7.42799997329712, 6.06599998474121, 5.35400009155273, 5.39300012588501, 5.3769998550415, 4.68499994277954, armbåge,5.0, 6.0, 6.0, hand,6.0, 1.0, fot,0.0,0.0, 1.0, klubba,3.0, lår,5.0,3.0, 7.0, hand,3.0,22.0, slagträ,1.40600001811981,1.9830000400543202, 1.40600001811981, klubba, vänster,0.0,0.0, 0.0, 2.0, 2.0, 2.0, klubba,0.961,1.38,1.101,1.004,1.252,0.946,1.6669999999999998,0.965,1.22,0.9009999999999999
18,,,,,,,,,,,, rack,5.0, rack,6.505000114440921, 5.57399988174438, 5.69299983978271, 6.03900003433228, 4.89799976348877, 5.78200006484985, 5.35500001907349, armbåge,2.0, 2.0, 2.0, hand,18.0, 18.0, fot,1.0, 2.0, 3.0, klubba,5.0, lår,14.0,13.0, 14.0, hand,15.0,16.0, slagträ,1.42700004577637,0.9240000247955319, 1.81299996376038, klubba, höger,0.0,2.0, 3.0, 0.0, 1.0, 2.0, klubba,0.73,1.012,1.169,1.001,1.168,0.898,1.264,0.835,1.133,0.763
19,,,,,,,,,,,, rack,2.0, rack,15.0, 9.39799976348877, 5.4850001335144, 4.27199983596802, 4.8289999961853, 4.73299980163574, 4.44700002670288, armbåge,2.0, 4.0, 3.0, hand,7.0, 17.0, fot,2.0, 6.0, 3.0, klubba,8.0, lår,2.0,2.0, 2.0, hand,4.0,13.0, slagträ,1.12600004673004,1.2339999675750701, 0.504999995231628, klubba, vänster,0.0,0.0, 0.0, 0.0, 1.0, 2.0, klubba,0.995,1.368,1.2690000000000001,1.1,1.028,1.337,1.264,1.107,1.025,1.371
20, fot,1.8659999999999999,2.095,1.568,1.514,1.9980000000000002,2.673,1.364,2.298,3.0980000000000003,1.767, rack,0.0, rack,15.0, 5.89099979400635, 7.52299976348877, 10.835000038147, 5.97300004959106, 6.03900003433228, 10.9709997177124, armbåge,4.0, 3.0, 2.0, hand,1.0, 9.0, fot,0.0,0.0, 0.0, klubba,8.0, lår,3.0,3.0, 2.0, hand,14.0,20.0, slagträ,1.1929999589920002,1.1019999980926498, 1.41600000858307, klubba, höger,1.0,0.0, 1.0, 0.0, 0.0, 3.0, klubba,0.902,1.034,1.368,1.165,1.22,1.166,1.2790000000000001,0.87,1.436,0.9520000000000001
21, fot,1.0659999999999998,1.138,0.96,1.22,1.001,1.264,1.218,1.099,1.033,1.268, rack,9.0, rack,7.22599983215332, 2.48099994659424, 2.60500001907349, 7.1100001335144, 1.79999995231628, 6.51399993896484, 3.98799991607666, armbåge,2.0, 3.0, 5.0, hand,26.0, 25.0, fot,1.0,1.0, 0.0, klubba,4.0, lår,1.0,24.0, 4.0,,,, slagträ,1.8240000009536699,1.9110000133514398, 1.16299998760223, klubba, höger,0.0,2.0, 0.0, 3.0, 0.0, 3.0, klubba,0.40399999999999997,0.664,0.595,0.67,0.669,0.597,0.6659999999999999,0.634,0.583,0.631
22, fot,1.671,1.431,1.035,2.7,1.999,1.331,2.035,1.3980000000000001,1.4369999999999998,1.595, rack,3.0, rack,6.29699993133545, 4.88700008392334, 4.68800020217896, 4.03200006484985, 4.22200012207031, 3.86100006103516, 3.55100011825562, armbåge,5.0, 2.0, 6.0, hand,7.0, 2.0, fot,2.0, 3.0, 2.0, klubba,9.0, lår,3.0,2.0, 4.0, hand,19.0,22.0, slagträ,2.07100009918213,1.7699999809265101, 1.02100002765656, klubba, höger,0.0,0.0, 0.0, 0.0, 2.0, 1.0, klubba,0.863,0.736,0.7340000000000001,0.562,1.4340000000000002,1.032,2.234,0.903,0.701,0.93
23, fot,1.065,1.399,3.467,0.862,2.6078,2.165,2.234,4.372,2.546,1.722, rack,2.0, rack,9.86699962615967, 13.0310001373291, 12.4209995269775, 3.93400001525879, 8.03699970245361, 5.73999977111816, 8.52799987792969, armbåge,3.0, 3.0, 1.0, hand,4.0, 1.0, fot,0.0,1.0, 1.0, klubba,7.0, lår,3.0,2.0, 4.0, hand,4.0,3.0, slagträ,0.367000013589859,2.4130001068115203, 1.27799999713898, klubba, vänster,3.0,1.0, 0.0, 0.0, 0.0, 0.0, klubba,0.664,0.997,0.932,2.005,0.8640000000000001,0.866,0.902,1.364,4.77,2.728
24, fot,1.301,2.425,2.381,3.5989999999999998,1.899,2.3,1.867,3.6039999999999996,1.6640000000000001,3.568, rack,0.0, rack,6.85099983215332, 5.46500015258789, 7.76399993896484, 6.7020001411438, 4.87099981307983, 4.93200016021729, 5.35799980163574, armbåge,1.0, 2.0, 2.0, hand,2.0, 1.0, fot,0.0,0.0, 0.0,,, lår,2.0,2.0, 3.0, hand,4.0,8.0, slagträ,0.52700001001358,2.03999996185303, 1.04299998283386, klubba, vänster,0.0,0.0, 0.0, 0.0, 0.0, 0.0,,,,,,,,,,,
25, fot,0.665,1.3030000000000002,1.4680000000000002,1.87,0.9,1.361,1.371,1.261,1.369,1.335, rack,5.0, rack,3.97199988365173, 4.2020001411438, 2.9539999961853, 4.42999982833862, 3.57999992370605, 3.09800004959106, 3.90000009536743, armbåge,3.0, 4.0, 5.0, hand,1.0, 1.0, fot,0.0, 1.0, 0.0, klubba,7.0, lår,4.0,21.0, 17.0, hand,5.0,15.0, slagträ,1.26800000667572,2.66799998283386, 1.30799996852875,,,,,,,,, klubba,0.5329999999999999,0.7340000000000001,0.7340000000000001,0.6970000000000001,0.7040000000000001,0.664,0.733,2.0,0.8340000000000001,0.868
26, fot,1.24,1.6740000000000002,1.295,1.47,1.069,1.564,1.281,1.28,4.368,4.7989999999999995, rack,10.0, rack,5.974999904632571, 3.40100002288818, 8.95199966430664, 3.05699992179871, 2.5220000743866, 4.63600015640259, 15.0, armbåge,2.0, 3.0, 3.0, hand,22.0, 12.0, fot,0.0,0.0, 4.0, klubba,19.0, lår,9.0,4.0, 13.0,,,, slagträ,1.7430000305175801,2.2820000648498504, 1.49600005149841, klubba, höger,1.0,0.0, 1.0, 2.0, 2.0, 3.0, klubba,0.83,0.613,0.535,0.532,0.667,0.532,0.638,0.599,0.6970000000000001,0.5
27, fot,0.596,1.511,1.06,1.3119999999999998,1.369,1.104,0.961,1.5,1.198,1.274, rack,9.0, rack,3.59299993515015, 3.59999990463257, 3.62400007247925, 3.24399995803833, 10.5019998550415, 3.3659999370575, 3.53500008583069, armbåge,4.0, 4.0, 2.0, hand,21.0, 21.0, fot,2.0, 2.0, 1.0, klubba,13.0, lår,17.0,30.0, 8.0, hand,22.0,25.0, slagträ,1.64400005340576,2.57599997520447, 2.89199995994568, klubba, vänster,1.0,0.0, 0.0, 0.0, 1.0, 0.0, klubba,0.433,0.8690000000000001,1.198,0.8340000000000001,1.063,0.774,2.23,1.834,1.199,0.997
28, fot,4.234,0.669,1.76,0.732,4.236000000000001,1.137,1.432,1.432,1.2670000000000001,0.895, rack,9.0, rack,6.76399993896484, 5.78900003433228, 14.371000289917, 4.19000005722046, 4.05999994277954, 7.14900016784668, 4.32499980926514, armbåge,5.0, 3.0, 4.0, hand,10.0, 8.0, fot,0.0, 1.0, 1.0, klubba,7.0, lår,7.0,3.0, 2.0, hand,21.0,10.0, slagträ,1.05400002002716,4.30000019073486, 1.74800002574921, klubba, höger,0.0,0.0, 0.0, 0.0, 2.0, 0.0, klubba,2.228,0.701,0.797,0.637,0.763,0.705,0.6659999999999999,0.632,0.8,0.635
29, fot,1.469,1.115,1.0959999999999999,0.965,1.001,1.3659999999999999,3.4339999999999997,1.033,0.966,1.38277777777778, rack,10.0, rack,3.37299990653992, 3.11700010299683, 3.29900002479553, 3.66199994087219, 3.83999991416931, 3.77099990844727, 3.83500003814697, armbåge,5.0, 2.0, 3.0, hand,21.0, 6.0, fot,12.0, 2.0, 4.0,,, lår,8.0,6.0, 14.0, hand,10.0,24.0, slagträ,3.4790000915527304,4.01200008392334, 3.78900003433228, klubba, vänster,0.0,0.0, 0.0, 2.0, 0.0, 0.0, klubba,0.536,1.161,0.634,0.47,0.6990000000000001,0.8340000000000001,0.564,0.767,0.599,0.638
30, fot,0.9990000000000001,2.819,2.363,1.9,2.5980000000000003,2.004,1.9669999999999999,2.596,1.8319999999999999,2.804, rack,3.0, rack,6.29500007629395, 15.0, 7.46799993515015, 15.0, 5.91099977493286, 6.27099990844727, 7.41800022125244, armbåge,1.0, 2.0, 2.0, hand,2.0, 1.0, fot,0.0,0.0, 0.0, klubba,7.0, lår,2.0,3.0, 5.0, hand,3.0,13.0, slagträ,0.71399998664856,0.9169999957084659, 1.45200002193451, klubba, vänster,0.0,0.0, 0.0, 0.0, 0.0, 1.0, klubba,1.131,1.568,3.395,1.7380000000000002,3.395,1.604,1.804,2.18,1.75,2.195
31, fot,2.352,2.282,1.8659999999999999,2.6060000000000003,1.848,4.166,2.201,3.162,3.819,1.28, rack,1.0, rack,7.343999862670901, 5.89400005340576, 15.0, 12.2440004348755, 5.71500015258789, 7.14599990844727, 5.41300010681152, armbåge,2.0, 2.0, 3.0, hand,2.0, 3.0, fot,1.0,0.0, 0.0, klubba,5.0, lår,3.0,2.0, 2.0, hand,9.0,15.0, slagträ,1.57099997997284,0.9789999723434449, 1.65600001811981, klubba, vänster,2.0,3.0, 0.0, 0.0, 2.0, 1.0, klubba,0.629,1.2670000000000001,1.402,1.629,1.765,2.053,1.4980000000000002,2.235,1.73,2.102
32, fot,3.096,6.871,1.7180000000000002,3.405,1.723,2.039,1.86,1.817,2.136,1.8330000000000002,,, rack,15.0, 10.8330001831055, 6.19700002670288, 6.87599992752075, 4.65399980545044, 8.10900020599365, 15.0, armbåge,2.0, 1.0, 3.0, hand,1.0, 2.0, fot,1.0,0.0, 1.0, klubba,2.0, lår,1.0,2.0, 2.0, hand,3.0,3.0, slagträ,0.684000015258789,0.64300000667572, 1.13699996471405, klubba, höger,0.0,0.0, 0.0, 1.0, 0.0, 1.0, klubba,2.033,2.381,2.467,2.0980000000000003,2.066,2.562,5.319,2.67,2.613,2.115
33, fot,7.532,1.796,3.94,2.0269999999999997,1.504,4.365,2.068,4.395,2.101,6.002999999999999, rack,1.0, rack,15.0, 15.0, 15.0, 15.0, 15.0, 15.0, 15.0, armbåge,1.0, 2.0, 2.0, hand,0.0, 1.0, fot,1.0,2.0, 2.0, klubba,5.0, lår,2.0,2.0, 1.0, hand,2.0,2.0, slagträ,1.51600003242493,0.7749999761581421, 2.96000003814697, klubba, höger,0.0,0.0, 0.0, 0.0, 0.0, 0.0, klubba,1.4,1.7,1.7619999999999998,1.433,1.982,1.569,1.1320000000000001,4.902,5.535,2.0269999999999997
34, fot,7.225,1.798,1.306,3.5660000000000003,2.3930000000000002,2.171,2.9360000000000004,3.864,6.166,4.234, rack,4.0, rack,7.92999982833862, 5.51399993896484, 13.4750003814697, 10.1070003509521, 6.51000022888184, 15.0, 6.69199991226196, armbåge,3.0, 1.0, 2.0, hand,1.0, 5.0, fot,1.0, 2.0, 1.0, klubba,5.0, lår,2.0,2.0, 2.0, hand,3.0,3.0, slagträ,0.723999977111816,1.9049999713897698, 0.919000029563904, klubba, höger,0.0,0.0, 0.0, 0.0, 0.0, 0.0, klubba,3.963,1.83,4.335,3.153,2.3280000000000003,1.537,1.9569999999999999,1.841,13.394,2.29
35, fot,2.467,1.034,4.895,1.121,8.535,1.5630000000000002,11.068,5.569,4.0760000000000005,3.7710000000000004,,, rack,4.08099985122681, 11.3420000076294, 4.10799980163574, 4.17000007629395, 7.36899995803833, 5.03399991989136, 3.91300010681152,,,,,,,, fot,0.0,1.0, 0.0, klubba,6.0, lår,2.0,2.0, 4.0,,,, slagträ,0.663999974727631,0.6669999957084661, 1.08399999141693, klubba, vänster,0.0,0.0, 0.0, 0.0, 0.0, 0.0, klubba,1.169,2.2969999999999997,1.3730000000000002,2.228,2.898,2.639,2.33,2.416,1.982,2.67
36, fot,1.662,2.333,2.467,5.7379999999999995,1.297,3.466,3.998,3.284,1.868,2.764,,, rack,15.0, 15.0, 7.5939998626709, 15.0, 11.5939998626709, 5.39900016784668, 8.1879997253418,,,,,,,, fot,1.0,1.0, 3.0, klubba,5.0, lår,3.0,2.0, 2.0,,,, slagträ,0.888999998569489,1.51499998569489, 0.455000013113022, klubba, vänster,0.0,0.0, 0.0, 0.0, 0.0, 1.0, klubba,1.426,2.338,1.633,2.9330000000000003,1.765,1.263,1.766,1.304,1.73,1.073
37,,,,,,,,,,,, rack,9.0, rack,5.82999992370605, 5.64200019836426, 6.01800012588501, 5.4229998588562, 7.18499994277954, 4.05100011825562, 3.61999988555908, armbåge,4.0, 5.0, 4.0, hand,12.0, 9.0, fot,2.0, 1.0, 2.0, klubba,9.0, lår,2.0,6.0, 4.0, hand,6.0,22.0, slagträ,0.772000014781952,1.432000041008, 0.907999992370605, klubba, höger,0.0,1.0, 0.0, 0.0, 2.0, 0.0,,,,,,,,,,,
38,,,,,,,,,,,,,, rack,4.18300008773804, 3.71799993515015, 5.09100008010864, 3.44700002670288, 5.20800018310547, 4.34170, 4.94899988174438, armbåge,4.0, 5.0, 2.0, hand,7.0, 13.0, fot,2.0, 1.0, 0.0, klubba,6.0, lår,2.0,3.0, 2.0, hand,9.0,20.0,,,,,,,,,,,,,,,,,,,,,,,
39, fot,0.9590000000000001,1.335,2.8169999999999997,2.133,0.866,2.031,1.232,1.636,1.837,1.797, rack,6.0, rack,3.23699998855591, 3.39299988746643, 4.03999996185303, 2.91199994087219, 6.59200000762939, 2.98200011253357, 2.98699998855591, armbåge,7.0, 4.0, 7.0,,,, fot,2.0,4.0, 1.0, klubba,7.0, lår,5.0,4.0, 3.0, hand,11.0,2.0, slagträ,1.1380000114440902,2.39299988746643, 0.768999993801117, klubba, höger,0.0,2.0, 0.0, 2.0, 2.0, 3.0, klubba,0.56,0.602,0.7240000000000001,0.664,0.58,0.568,0.6970000000000001,0.698,0.639,0.6368888888888891
40, fot,0.833,4.721,1.5859999999999999,1.732,1.03,2.104,1.995,2.065,1.3719999999999999,1.4969999999999999, rack,3.0, rack,9.16300010681152, 3.97300004959106, 3.95600008964539, 4.11899995803833, 3.92199993133545, 3.69899988174438, 6.0460000038147, armbåge,7.0,3.0, 3.0, hand,17.0, 10.0, fot,2.0, 0.0, 1.0, klubba,7.0, lår,1.0, 1.0, 3.0, hand,8.0,5.0, slagträ,1.3120000362396202,0.7400000095367428, 2.59599995613098, klubba, höger,0.0,0.0, 0.0, 2.0, 0.0, 0.0, klubba,1.036,0.701,1.034,4.127,1.099,0.705,1.067,0.696,1.136,2.9219999999999997
41, fot,6.098,2.6719999999999997,3.727,0.873,2.7680000000000002,1.8940000000000001,3.37,2.801,3.464,0.504, rack,2.0, rack,10.6540002822876, 10.4840002059937, 15.0, 15.0, 7.28200006484985, 15.0, 6.59299993515015, armbåge,3.0,4.0, 2.0, hand,1.0, 2.0, fot,2.0, 1.0, 2.0, klubba,6.0, lår,2.0, 4.0, 5.0, hand,2.0,4.0, slagträ,1.0980000495910602,0.46099999547004705, 0.662000000476837, klubba, höger,1.0,0.0, 1.0, 2.0, 0.0, 0.0, klubba,3.4,3.2460000000000004,0.762,0.8340000000000001,1.835,3.734,6.563,0.502,2.235,0.731
42, fot,1.335,1.5,1.5630000000000002,2.133,1.733,1.262,2.895,2.88,2.322,3.696, rack,5.0, rack,13.6599998474121, 6.7020001411438, 5.61499977111816, 5.86800003051758, 6.08099985122681, 6.11100006103516, 5.04500007629395, armbåge,3.0, 3.0, 4.0, hand,13.0, 8.0, fot,2.0, 2.0, 1.0, klubba,9.0, lår,9.0,13.0, 4.0, hand,16.0,4.0, slagträ,0.9660000205039979,1.44200003147125, 0.879999995231628, klubba, höger,0.0,0.0, 0.0, 2.0, 0.0, 2.0, klubba,1.198,1.466,1.168,1.798,0.9840000000000001,1.9380000000000002,1.375,1.4340000000000002,1.101,1.399
43, fot,1.83088888888889,1.3969999999999998,2.081,1.165,2.072,2.8339999999999996,1.962,1.936,1.3969999999999998,1.6340000000000001, rack,7.0, rack,4.64900016784668, 3.42199993133545, 10.1979999542236, 4.61600017547607, 4.19000005722046, 3.83699989318848, 13.5500001907349, armbåge,4.0, 5.0, 3.0, hand,4.0, 9.0, fot,1.0, 2.0, 1.0, klubba,6.0, lår,3.0,2.0, 5.0, hand,7.0,17.0, slagträ,0.6420000195503229,1.432000041008, 1.43700003623962, klubba, vänster,1.0,0.0, 2.0, 2.0, 2.0, 0.0, klubba,1.4,1.338,1.1909999999999998,1.139,0.9990000000000001,1.133,1.297,1.4340000000000002,0.997,1.334
44, fot,1.6380000000000001,4.138,2.103,1.8219999999999998,2.237,2.096,7.466,1.966,1.27,2.932, rack,4.0, rack,8.086000442504881, 5.98899984359741, 6.38399982452393, 6.17600011825562, 6.19700002670288, 6.6729998588562, 6.46500015258789, armbåge,3.0, 4.0, 3.0, hand,0.0, 1.0, fot,0.0,1.0, 1.0, klubba,8.0, lår,5.0,4.0, 3.0, hand,9.0,20.0, slagträ,0.8069999814033509,0.619000017642975, 1.22399997711182, klubba, höger,0.0,0.0, 0.0, 0.0, 0.0, 0.0, klubba,0.868,1.17,1.696,2.77,3.63,1.304,1.196,1.555,1.412,1.071
45, fot,1.7690000000000001,0.934,2.5980000000000003,2.006,4.26,1.069,4.031000000000001,1.268,3.227,2.641, rack,2.0, rack,15.0, 15.0, 15.0, 10.4899997711182, 6.44399976730347, 15.0, 7.36899995803833,,,,, hand,2.0, 1.0, fot,0.0,0.0, 1.0, klubba,5.0, lår,2.0,2.0, 1.0, hand,5.0,5.0, slagträ,0.9559999704360959,2.40499997138977, 1.0809999704361, klubba, höger,0.0,0.0, 3.0, 0.0, 0.0, 0.0, klubba,1.036,1.546,4.035,3.367,0.968,1.629,1.2690000000000001,1.88,3.951,0.769
46, fot,1.3659999999999999,1.765,1.199,1.714,1.4380000000000002,1.2990000000000002,1.002,2.097,1.665,2.334, rack,1.0, rack,15.0, 5.60799980163574, 4.36800003051758, 4.73099994659424, 5.52400016784668, 4.38399982452393, 4.65500020980835, armbåge,2.0, 3.0, 4.0, hand,1.0, 0.0, fot,2.0, 0.0, 1.0, klubba,7.0, lår,2.0,3.0, 2.0, hand,11.0,3.0, slagträ,0.857999980449677,0.6230000257492071, 0.444999992847443, klubba, höger,2.0,3.0, 1.0, 0.0, 0.0, 0.0, klubba,2.133,1.3359999999999999,1.334,1.534,1.3659999999999999,1.5290000000000001,1.235,1.365,1.166,1.273
47, fot,0.9640000000000001,2.897,2.806,2.201,2.7969999999999997,1.4,2.2319999999999998,2.0340000000000003,2.83,1.702, rack,1.0, rack,15.0, 15.0, 6.56899976730347, 5.92700004577637, 15.0, 5.94099998474121, 5.4689998626709, armbåge,2.0, 3.0, 2.0, hand,0.0,5.0, fot,0.0, 1.0, 0.0, klubba,7.0, lår,3.0,2.0, 3.0, hand,9.0,4.0, slagträ,2.42300009727478,0.6899999976158139, 1.71200001239777, klubba, vänster,0.0,0.0, 0.0, 2.0, 2.0, 0.0, klubba,1.268,1.568,2.03,1.268,1.2329999999999999,1.033,1.195,0.937,0.9990000000000001,4.263
48, fot,0.971,1.732,1.23,1.401,1.1320000000000001,2.037,1.496,1.399,1.4669999999999999,1.771, rack,1.0, rack,12.111000061035199, 9.05099964141846, 5.09999990463257, 11.8579998016357, 11.4860000610352, 6.09499979019165, 7.21199989318848, armbåge,4.0, 2.0, 3.0, hand,17.0,17.0, fot,1.0, 0.0, 0.0, klubba,2.0, lår,7.0,1.0, 5.0, hand,5.0,17.0, slagträ,1.00699996948242,2.0380001068115203, 2.16599988937378, klubba, vänster,0.0,2.0, 0.0, 0.0, 1.0, 3.0, klubba,1.163,1.252,1.425,1.271,1.436,1.161,1.2,1.2009999999999998,1.585,1.298
49, fot,0.628,1.535,1.8780000000000001,1.137,1.236,1.5619999999999998,1.364,1.17,1.234,1.097, rack,7.0, rack,7.881999969482419, 3.86299991607666, 3.73900008201599, 15.0, 3.6800000667572, 3.41300010681152, 6.41800022125244, armbåge,3.0, 4.0, 4.0, hand,8.0, 2.0, fot,0.0,0.0, 1.0, klubba,7.0, lår,3.0,14.0, 4.0, hand,13.0,4.0, slagträ,0.652999997138977,1.4700000286102302, 1.40699994564056, klubba, höger,0.0,0.0, 0.0, 0.0, 0.0, 0.0, klubba,0.733,1.032,1.4469999999999998,0.9,1.03,0.703,1.065,0.7709999999999999,0.9279999999999999,0.8340000000000001
50, fot,1.2830000000000001,1.168,1.743,1.4340000000000002,0.9990000000000001,0.5660000000000001,1.3,2.339,0.6990000000000001,2.099, rack,3.0, rack,7.20300006866455, 6.63899993896484, 3.50099992752075, 8.26299953460693, 8.86900043487549, 4.51800012588501, 3.31800007820129, armbåge,2.0, 2.0, 3.0, hand,18.0,9.0, fot,1.0, 1.0, 3.0, klubba,3.0, lår,3.0,4.0, 3.0, hand,7.0,5.0, slagträ,1.0039999485015898,1.4700000286102302, 1.36899995803833,,,,,,,,, klubba,1.1441111111111102,1.228,1.101,1.067,1.237,1.247,1.014,0.838,1.181,1.3840000000000001
51, fot,1.105,0.9640000000000001,1.067,1.252,1.265,0.9990000000000001,1.101,0.97,0.9620000000000001,0.934, rack,6.0, rack,9.467000007629391, 4.61600017547607, 6.98199987411499, 6.90199995040894, 7.98699998855591, 4.66800022125244, 3.96700000762939, armbåge,3.0, 3.0, 3.0, hand,18.0, 19.0, fot,0.0,1.0, 0.0, klubba,8.0, lår,9.0,3.0, 5.0, hand,17.0,22.0, slagträ,3.80699992179871,1.4069999456405602, 1.58399999141693, klubba, höger,1.0,0.0, 2.0, 0.0, 1.0, 1.0, klubba,0.637,0.632,0.8287142857142858,1.003,0.536,1.2670000000000001,0.797,0.63,0.7659999999999999,0.802
52, fot,2.314,0.997,1.073,0.963,1.166,1.031,2.736,1.101,0.9640000000000001,4.835, rack,6.0, rack,5.361000061035161, 4.85799980163574, 6.54899978637695, 3.73499989509583, 6.57999992370605, 7.82399988174438, 3.41300010681152, armbåge,2.0, 3.0, 3.0, hand,8.0, 14.0, fot,4.0, 10.0, 4.0, klubba,6.0, lår,5.0,2.0, 2.0, hand,15.0,9.0, slagträ,0.973999977111816,0.875, 0.829999983310699, klubba, höger,0.0,0.0, 1.0, 0.0, 0.0, 3.0, klubba,0.8320000000000001,1.401,0.649,1.4980000000000002,1.2670000000000001,0.866,1.067,1.2309999999999999,0.85,1.052
53, fot,0.805,1.5,1.13,1.431,0.9009999999999999,1.3,0.8690000000000001,1.1740000000000002,0.862,3.665, rack,7.0, rack,7.84299993515015, 4.98400020599365, 5.55399990081787, 3.35500001907349, 5.55100011825562, 3.09800004959106, 2.83500003814697, armbåge,5.0, 5.0, 7.0, hand,11.0, 2.0, fot,3.0,5.0, 0.0, klubba,8.0, lår,8.0,7.0, 11.0, hand,12.0,16.0, slagträ,5.89699983596802,3.2030000686645494, 3.18600010871887, klubba, höger,3.0,2.0, 0.0, 0.0, 2.0, 0.0, klubba,0.563,0.802,0.9,0.93,1.736,0.968,0.983166666666667,0.634,0.7659999999999999,0.669
54, fot,1.3319999999999999,1.57925,1.421,1.629,1.38,1.838,1.432,1.565,1.4669999999999999,1.902, rack,1.0, rack,6.39699983596802, 5.44299983978271, 11.9130001068115, 4.94999980926514, 4.71799993515015, 5.64400005340576, 5.4850001335144, armbåge,2.0, 3.0, 2.0, hand,4.0, 2.0, fot,1.0, 1.0, 2.0, klubba,10.0, lår,3.0,2.0, 3.0, hand,10.0,9.0, slagträ,2.2509999275207497,0.742999970912933, 1.77199995517731, klubba, höger,1.0,0.0, 0.0, 2.0, 0.0, 0.0, klubba,0.659,1.037,3.265,0.902,0.861,0.867,1.504,1.304,1.063,1.932
55, fot,1.541,1.6880000000000002,3.2960000000000003,2.43,1.5719999999999998,2.201,1.764,2.302,1.597,2.908, rack,2.0, rack,4.836999893188481, 15.0, 4.0479998588562, 8.52700042724609, 4.33199977874756, 4.44399976730347, 7.83300018310547, armbåge,1.0,2.0, 2.0, hand,16.0, 1.0, fot,2.0, 0.0, 0.0, klubba,4.0, lår,9.0,3.0, 4.0, hand,18.0,15.0, slagträ,0.765999972820282,1.15299999713898, 1.82799994945526, klubba, höger,3.0,0.0, 0.0, 0.0, 0.0, 0.0, klubba,1.163,1.567,1.294,1.002,1.238,0.912,1.311,0.893,1.306,1.095
56, fot,0.998,1.63,1.3659999999999999,1.704,1.298,1.5030000000000001,1.578,1.6980000000000002,1.538,1.3980000000000001, rack,4.0, rack,8.94900035858154, 13.9700002670288, 5.76800012588501, 4.03599977493286, 4.78900003433228, 8.10499954223633, 4.77799987792969, armbåge,2.0,2.0, 2.0, hand,17.0, 2.0, fot,0.0,1.0, 0.0, klubba,9.0, lår,3.0,3.0, 3.0, hand,8.0,6.0, slagträ,0.901000022888184,1.0690000057220501, 2.0550000667572, klubba, höger,1.0,0.0, 2.0, 1.0, 0.0, 1.0, klubba,0.8190000000000001,1.2990000000000002,1.266,1.235,1.128,1.1340000000000001,1.069,1.252,1.446,1.4
57, fot,0.9359999999999999,0.833,2.094,1.324,1.3769999999999998,1.39,1.2770000000000001,3.7030000000000003,1.166,1.735,,, rack,15.0, 12.628999710083, 12.6120004653931, 8.87199974060059, 5.92600011825562, 4.8769998550415, 7.0, armbåge,3.0, 3.0, 6.0, hand,5.0, 2.0, fot,0.0,0.0, 1.0, klubba,8.0, lår,3.0,4.0, 5.0, hand,6.0,11.0, slagträ,1.2120000123977699,0.8330000042915341, 0.732999980449677, klubba, vänster,0.0,1.0, 1.0, 1.0, 0.0, 3.0, klubba,1.068,1.003,0.9590000000000001,1.136,1.016,1.054,0.925,0.8370000000000001,1.04,2.596
58, fot,1.163,0.93,1.37,1.065,1.068,0.833,1.597,1.065,0.8340000000000001,1.10277777777778, rack,7.0, rack,10.6359996795654, 6.11600017547607, 4.2350001335144, 5.42500019073486, 4.90399980545044, 3.91300010681152, 4.84899997711182, armbåge,3.0, 7.0, 5.0, hand,17.0, 10.0, fot,4.0, 2.0, 3.0, klubba,9.0, lår,8.0,7.0, 9.0, hand,14.0,17.0, slagträ,1.48699998855591,1.18599998950958, 3.24699997901917, klubba, vänster,0.0,0.0, 0.0, 0.0, 3.0, 2.0, klubba,0.499,0.6709999999999999,0.9640000000000001,0.57,0.73,0.665,0.8,0.639,0.797,0.63
59, fot,2.068,1.6,0.9,2.161,1.972,1.028,2.134,1.466,2.376,2.124, rack,2.0, rack,5.46799993515015, 4.16800022125244, 4.03800010681152, 8.35599994659424, 3.63599991798401, 4.07200002670288, 8.92599964141846, armbåge,2.0,4.0, 3.0, hand,12.0, 17.0, fot,6.0, 1.0, 1.0, klubba,9.0, lår,5.0,3.0, 2.0, hand,20.0,7.0, slagträ,4.26200008392334,0.870000004768372, 0.794000029563904, klubba, höger,1.0,3.0, 2.0, 0.0, 0.0, 1.0, klubba,0.7020000000000001,1.416,1.262,1.805,1.2670000000000001,1.433,0.897,1.169,0.898,1.301
60,,,,,,,,,,,, rack,2.0, rack,3.89800000190735, 3.58299994468689, 3.71700000762939, 4.50799989700317, 4.07200002670288, 4.03000020980835, 3.82999992370605, armbåge,7.0, 4.0, 3.0, hand,15.0, 2.0, fot,2.0, 2.0, 1.0, klubba,8.0, lår,3.0,2.0, 2.0, hand,22.0,22.0, slagträ,3.2809998989105202,2.3289999961852996, 2.94899988174438, klubba, höger,0.0,2.0, 0.0, 3.0, 0.0, 2.0,,,,,,,,,,,
61, fot,1.197,1.102,1.663,1.6019999999999999,1.2329999999999999,2.399,1.537,2.131,1.736,1.3619999999999999, rack,5.0, rack,12.7629995346069, 6.59800004959106, 7.05900001525879, 7.24900007247925, 6.12900018692017, 6.83500003814697, 7.56500005722046, armbåge,2.0, 3.0, 2.0, hand,1.0, 14.0, fot,1.0, 1.0, 1.0, klubba,8.0, lår,4.0,4.0, 4.0, hand,4.0,14.0, slagträ,1.2960000038147,2.95799994468689, 1.43700003623962, klubba, höger,0.0,1.0, 0.0, 0.0, 0.0, 0.0, klubba,1.097,1.4369999999999998,1.531,1.6,1.3319999999999999,1.472,1.396,1.6340000000000001,1.197,1.3719999999999999
62, fot,1.2670000000000001,1.163,2.504,0.8290000000000001,2.4330000000000003,1.234,1.936,2.2640000000000002,1.3330000000000002,6.324, rack,2.0, rack,15.0, 4.3730001449585, 10.0059995651245, 6.23999977111816, 9.69499969482422, 6.91900014877319, 5.10799980163574, armbåge,2.0,1.0, 5.0, hand,4.0, 6.0, fot,0.0,0.0, 0.0, klubba,8.0, lår,4.0,2.0, 3.0, hand,3.0,14.0, slagträ,1.94599997997284,1.60899996757507, 0.570999979972839, klubba, vänster,0.0,2.0, 0.0, 0.0, 2.0, 0.0, klubba,0.872,2.099,1.2309999999999999,0.934,1.168,0.934,2.201,1.065,2.033,0.8640000000000001
63, fot,0.32299999999999995,0.9690000000000001,1.431,0.97,1.063,2.109,0.96,1.4,1.101,1.24, rack,8.0, rack,15.0, 4.01200008392334, 3.87700009346008, 3.10800004005432, 4.13199996948242, 3.51099991798401, 2.99300003051758, armbåge,4.0, 7.0, 2.0, hand,9.0, 10.0, fot,1.0, 10.0, 5.0, klubba,10.0, lår,9.0,3.0, 30.0, hand,16.0,23.0, slagträ,7.0479998588562,3.76200008392334, 3.28699994087219, klubba, höger,2.0,1.0, 0.0, 3.0, 3.0, 2.0, klubba,0.47100000000000003,0.601,2.061,0.633,0.9,0.606,1.199,0.799,1.4869999999999999,0.629
66, fot,0.733,1.639,0.9620000000000001,1.466,1.2329999999999999,3.267,1.466,1.3030000000000002,1.032,1.133, rack,6.0, rack,3.86899995803833, 3.21799993515015, 2.94600009918213, 7.08799982070923, 3.31500005722046, 10.3730001449585, 3.38000011444092, armbåge,3.0, 5.0, 2.0, hand,17.0,9.0, fot,5.0, 1.0, 4.0, klubba,9.0, lår,6.0,16.0, 40.0, hand,21.0,15.0, slagträ,6.70800018310547,6.7930002212524405, 5.6729998588562, klubba, höger,0.0,1.0, 0.0, 0.0, 0.0, 2.0, klubba,0.8290000000000001,1.3459999999999999,0.831,0.897,0.8,0.773,1.3659999999999999,0.863,0.736,0.73
67, fot,0.767,1.463,1.704,1.594,0.9059999999999999,0.97,1.996,1.764,1.764,1.401, rack,1.0, rack,3.80800008773804, 6.47900009155273, 3.66599988937378, 3.43099999427795, 4.43300008773804, 3.62400007247925, 3.1470000743866, armbåge,1.0, 3.0, 5.0, hand,3.0, 13.0, fot,1.0, 6.0, 5.0, klubba,6.0, lår,2.0,2.0, 3.0, hand,4.0,4.0, slagträ,0.28999999165535,1.1440000534057602, 2.76900005340576, klubba, höger,0.0,3.0, 0.0, 2.0, 1.0, 0.0, klubba,0.805,0.7340000000000001,1.37,0.7929999999999999,1.003,0.863,1.0,0.87,0.8320000000000001,0.797
68, fot,0.868,5.7,2.897, 3.002, 3.636, 3.066, 1.765, 0.932, 3.168, 2.216, rack,1.0, rack,7.40899991989136,15.0,15.0,6.30700016021729,4.42700004577637,5.0229997634887695,4.87799978256226, armbåge,6.0, 3.0, 2.0, hand,0.0, 6.0, fot,1.0,0.0, 2.0, klubba,3.0, lår,2.0,3.0, 2.0, hand,2.0,4.0,,,,, klubba, vänster,0.0,0.0,3.0, 2, 0, 0, klubba,1.198,1.068,1.135, 0.966, 1.431, 1.068, 1.099, 1.302, 1.401, 1.135
69, fot,0.8959999999999999,0.934,1.805, 1.464, 1.397, 1.933, 1.766, 1.803, 1.464, 2.07, rack,2.0, rack,6.07000017166138,2.44300007820129,3.21399998664856,3.9749999046325697,15.0,3.03200006484985,2.7769999504089395, armbåge,3.0, 3.0, 4.0, hand,15.0, 18.0, fot,1.0, 1.0, 0.0, klubba,9.0, lår,4.0,5.0, 2.0, hand,14.0,16.0, slagträ,1.7970000505447399,1.38699996471405, 1.39900004863739, klubba, höger,2.0,0.0,0.0, 1, 0, 0, klubba,0.8009999999999999,1.165,1.166, 1.167, 0.999, 1.153, 1.013, 1.199, 1.068, 1.17
70, fot,0.826,1.4480000000000002,1.137, 1.428, 1.334, 1.071, 1.3, 1.329, 1.271, 1.033, rack,5.0, rack,3.42600011825562,3.1710000038147004,3.62100005149841,3.6559998989105202,3.74600005149841,3.33899998664856,3.20799994468689, armbåge,4.0, 5.0, 5.0, hand,3.0, 18.0, fot,1.0, 2.0, 6.0, klubba,6.0, lår,40.0,40.0, 40.0, hand,5.0,10.0, slagträ,1.27400004863739,1.14900004863739, 2.66799998283386, klubba, höger,0.0,0.0,1.0, 1, 0, 3, klubba,0.866,0.9009999999999999,0.8340000000000001, 0.662, 1.434, 1.032, 2.172, 1.394, 0.869, 0.836
71, fot,1.402,2.066,1.3019999999999998, 3.063, 1.736, 1.661, 1.676, 2.063, 1.867, 1.533, rack,2.0, rack,15.0,15.0,8.25599956512451,9.39500045776367,9.99600028991699,8.36699962615967,6.60500001907349, armbåge,3.0, 3.0, 6.0, hand,1.0, 2.0, fot,1.0, 1.0, 2.0, klubba,2.0, lår,2.0,4.0, 3.0, hand,9.0,3.0, slagträ,0.44699999690055797,1.04799997806549, 0.625, klubba, vänster,0.0,0.0,1.0, 0, 2, 0, klubba,0.738,0.799,1.068, 1.631, 3.301, 1.336, 1.827, 2.169, 1.601, 1.466
72, fot,1.597,1.2,1.209, 1.457, 0.867, 1.302, 1.532, 1.235, 1.5, 1.703, rack,2.0, rack,6.58500003814697,4.39799976348877,5.038000106811519,4.67700004577637,7.21099996566772,4.1550002098083505,4.12599992752075, armbåge,2.0, 4.0, 4.0, hand,9.0, 1.0, fot,1.0, 1.0, 0.0, klubba,9.0, lår,14.0,5.0, 17.0, hand,20.0,17.0, slagträ,3.7639999389648398,2.56100010871887, 1.61099994182587, klubba, höger,0.0,1.0,0.0, 0, 0, 3, klubba,0.9111111111111109,0.872,0.93, 0.968, 1.066, 0.999, 0.867, 0.871, 0.729, 0.898
73, fot,1.399,1.196,1.87, 1.231, 1.903, 1.1, 3.532, 1.663, 1.705, 1.73322222222222, rack,3.0, rack,5.138999938964839,5.372000217437741,3.38299989700317,4.2519998550414995,3.00699996948242,3.76500010490417,3.4460000991821302, armbåge,3.0,3.0, 4.0, hand,2.0, 2.0, fot,0.0, 2.0, 1.0, klubba,10.0, lår,4.0,3.0, 6.0, hand,12.0,10.0, slagträ,2.56299996376038,2.57399988174438, 1.28999996185303, klubba, vänster,0.0, 0.0, 0.0, 1.0, 0.0, 0.0, klubba,0.9990000000000001,1.104,0.998, 1.234, 1.063, 1.167, 1.101, 1.069, 1.031, 1.035
74, fot,1.7990000000000002,1.733,2.764, 1.836, 2.462, 1.637, 2.565, 1.135, 3.065, 1.767, rack,2.0, rack,5.979000091552731,5.15500020980835,12.4739999771118,7.093999862670901,10.871000289917,4.06799983978271,6.593999862670901, armbåge,2.0, 2.0, 2.0, hand,3.0, 1.0, fot,0.0,1.0, 0.0, klubba,6.0, armbåge,2.0,2.0, 2.0, hand,6.0,4.0, slagträ,1.73399996757507,1.92700004577637,1.47200000286102, klubba, vänster,0.0,2.0,0.0, 1, 0, 3, klubba,1.37,1.3969999999999998,1.036, 1.812, 1.92, 1.698, 1.565, 1.238, 1.198, 1.432
75, fot,1.169,1.4280000000000002,2.369, 1.431, 2.67, 1.565, 1.631, 3.033, 3.768, 2.367, rack,2.0, rack,7.53299999237061,15.0,6.2020001411438,15.0,15.0,10.548999786377,15.0, armbåge,2.0, 1.0, 3.0, hand,2.0, 1.0, fot,0.0,0.0, 1.0, klubba,5.0, lår,2.0,1.0, 3.0, hand,4.0,4.0, slagträ,1.07700002193451,1.25600004196167,0.8000000119209291, klubba, höger,0.0,0.0,0.0, 0, 0, 0, klubba,1.026,1.47,1.399, 1.334, 1.364, 1.471, 1.434, 2.198, 1.302, 1.632
76, fot,1.8319999999999999,1.198,2.2030000000000003, 1.298, 2.168, 2.163, 1.3, 1.5, 2.335, 4.098, rack,1.0, rack,4.49399995803833,14.145000457763699,4.18300008773804,6.46099996566772,11.609999656677198,4.32100009918213,4.27199983596802, armbåge,3.0,2.0, 4.0, hand,3.0, 5.0, fot,1.0, 1.0, 0.0, klubba,6.0, lår,2.0,3.0, 1.0, hand,19.0,22.0, slagträ,1.9639999866485602,0.5260000228881839, 1.29999995231628, klubba, vänster,0.0, 0.0, 1.0, 0.0, 0.0, 0.0, klubba,0.9620000000000001,1.304,0.863, 1.169, 1.568, 5.834, 1.461, 1.304, 0.934, 1.4
77,,,,,,,,,,,, rack,2.0, rack,6.30299997329712,4.76700019836426,5.22300004959106,3.9479999542236297,15.0,4.6680002212524405,8.60099983215332, armbåge,3.0, 4.0, 2.0, hand,15.0, 5.0, fot,0.0,1.0, 2.0, klubba,7.0, lår,2.0,3.0, 1.0, hand,9.0,10.0, slagträ,0.535000026226044,0.6679999828338621,1.45899999141693, klubba, vänster,0.0,0.0,0.0, 0, 0, 0,,,,,,,,,,,
78, fot,1.531,1.969,1.8719999999999999, 2.424, 1.566, 1.304, 1.765, 2.034, 1.765, 2.266, rack,1.0, rack,6.19500017166138,15.0,3.78800010681152,15.0,6.2960000038147,5.81599998474121,5.7989997863769505, armbåge,4.0, 2.0, 6.0, hand,3.0, 2.0, fot,0.0,1.0, 0.0, klubba,6.0, lår,4.0,2.0, 2.0, hand,2.0,1.0, slagträ,1.60699999332428,0.252000004053116,0.0489999987185001, klubba, höger,0.0,1.0,0.0, 0, 2, 2, klubba,0.7659999999999999,1.974,1.325, 1.102, 3.9, 1.669, 4.125, 4.873, 1.666, 1.266
79, fot,1.465,1.604,1.9969999999999999, 1.531, 1.705, 2.2, 2.032, 1.697, 1.668, 1.435, rack,5.0, rack,3.88599991798401,3.8029999732971205,3.09899997711182,2.89400005340576,6.412000179290769,3.3959999084472696,3.11899995803833, armbåge,4.0, 4.0, 2.0, hand,21.0, 21.0, fot,1.0, 1.0, 1.0, klubba,3.0, lår,4.0,4.0, 5.0, hand,22.0,24.0, slagträ,2.95099997520447,1.37399995326996, 0.717999994754791, klubba, höger,0.0,2.0,0.0, 0, 0, 3, klubba,0.8029999999999999,1.095,1.104, 0.796, 0.938, 0.865, 0.937, 0.864, 1.032, 0.834
80, fot,1.157,2.519,4.669, 4.528, 1.469, 1.638, 2.066, 1.265, 1.4, 1.633, rack,5.0, rack,11.2659997940063,3.6519999504089395,3.31800007820129,2.77800011634827,3.16199994087219,7.72200012207031,3.23099994659424, armbåge,2.0, 1.0, 3.0, hand,3.0, 1.0, fot,0.0,0.0, 0.0, klubba,7.0, lår,3.0,2.0, 6.0, hand,13.0,3.0, slagträ,1.7539999485015902,0.9710000157356259,1.5199999809265101, klubba, höger,0.0,0.0,0.0, 0, 0, 0, klubba,0.7020000000000001,1.065,1.0659999999999998, 1, 1.065, 0.936, 1.062, 0.937, 1.034, 0.899
81, fot,1.469,2.029,1.2990000000000002, 1.935, 1.737, 1.931, 0.999, 1.804, 1.563, 1.998, rack,2.0, rack,8.671999931335451,9.01799964904785,6.34100008010864,5.94000005722046,6.39900016784668,5.377999782562259,5.05399990081787, armbåge,3.0, 3.0, 6.0, hand,2.0, 5.0, fot,2.0, 3.0, 3.0, klubba,6.0, lår,4.0,5.0, 4.0, hand,14.0,4.0, slagträ,0.537999987602234,0.8960000276565551, 0.820999979972839, klubba, höger,2.0,0.0,0.0, 0, 0, 2, klubba,1.099,2.266,1.804, 1.832, 1.435, 1.864, 2.333, 1.371, 1.295, 1.869
82, fot,0.634,0.904,1.0979999999999999, 1.2, 1.468, 0.964, 0.965, 1.166, 1.004, 1.168, rack,4.0, rack,9.43599987030029,3.0610001087188703,3.4279999732971205,15.0,7.485000133514401,5.257999897003169,3.1459999084472696, armbåge,6.0, 3.0, 2.0, hand,18.0, 11.0, fot,2.0, 16.0, 4.0, klubba,10.0, lår,9.0,5.0, 7.0, hand,17.0,3.0, slagträ,1.10699999332428,0.945999979972839, 2.24799990653992, klubba, höger,0.0,0.0,3.0, 2, 0, 0, klubba,0.397,0.866,0.735, 0.764, 0.669, 0.864, 0.721, 0.684, 0.828, 0.837
83, fot,0.8340000000000001,1.53,1.133, 1.269, 1.33, 1.502, 1.518, 1.35, 1.467, 1.532, rack,3.0, rack,5.69099998474121,4.67000007629395,4.96700000762939,3.16700005531311,3.8840000629425,3.0699999332427996,3.00999999046326, armbåge,6.0, 6.0, 6.0, hand,20.0, 21.0, fot,1.0, 2.0, 1.0, klubba,8.0, lår,7.0,4.0, 4.0, hand,17.0,7.0, slagträ,2.1010000705719,4.598999977111821, 5.82000017166138, klubba, höger,0.0,0.0,0.0, 1, 2, 1, klubba,0.6990000000000001,0.8059999999999999,0.828, 0.736, 0.801, 0.868, 0.729, 0.764, 0.77, 0.799
84, fot,2.803,1.482,1.436, 1.101, 1.03, 1.067, 1.099, 0.936, 1.262, 1.038, rack,6.0, rack,2.54800009727478,3.74000000953674,2.61999988555908,2.5139999389648398,2.62800002098083,2.62299990653992,2.4000000953674303, armbåge,13.0, 19.0, 7.0, hand,19.0, 21.0, fot,5.0, 1.0, 2.0, klubba,4.0, lår,26.0,10.0, 19.0, hand,20.0,14.0, slagträ,2.7699999809265097,0.7839999794960021, 1.46200001239777, klubba, höger,0.0,0.0,0.0, 2, 3, 3, klubba,0.596,0.7879999999999999,0.865, 0.831, 0.998, 1.508, 0.762, 0.866, 0.734, 0.717
85, fot,1.6,2.469,2.099, 3.54483333333333, 1.37, 1.498, 1.202, 10.232, 4.946, 2.021, rack,1.0, rack,15.0,15.0,15.0,15.0,7.02699995040894,6.1360001564025906,14.470000267028801, armbåge,1.0,2.0, 1.0, hand,4.0, 4.0, fot,2.0, 2.0, 1.0, klubba,3.0, lår,2.0,3.0, 3.0, hand,7.0,3.0, slagträ,1.69799995422363,1.96899998188019,1.46899998188019, klubba, vänster,0.0,0.0,0.0, 0, 0, 0, klubba,1.002,1.771,1.729, 3.035, 3.134, 3.194, 2.802, 2.069, 1.47, 3.795
86, fot,1.665,1.6340000000000001,1.399, 1.67, 1.099, 1.034, 2.365, 2.141, 1.023, 1.804, rack,2.0, rack,4.59200000762939,4.19500017166138,5.12400007247925,9.90100002288818,4.7519998550414995,5.08799982070923,8.2790002822876, armbåge,4.0, 3.0, 2.0, hand,3.0, 6.0, fot,2.0, 2.0, 1.0, klubba,5.0, lår,1.0,3.0, 2.0, hand,3.0,11.0, slagträ,1.5069999694824199,1.07500004768372, 1.10399997234344, klubba, höger,0.0,0.0,0.0, 0, 0, 1, klubba,1.236,1.867,1.3019999999999998, 1.462, 1.435, 1.395, 1.406, 1.531, 1.435, 1.496
87, fot,1.099,1.367,0.934, 1.133, 1.067, 1.135, 1.033, 1.497, 1.158125, 1.635, rack,2.0, rack,10.7370004653931,11.845000267028801,7.3119997978210405,8.29500007629395,5.92799997329712,6.0430002212524405,4.71500015258789, armbåge,3.0,4.0, 6.0, hand,5.0, 4.0, fot,1.0, 2.0, 1.0, klubba,8.0, lår,5.0,6.0, 9.0, hand,10.0,2.0, slagträ,1.21899998188019,0.8980000019073491, 0.474999994039536, klubba, vänster,0.0,0.0,0.0, 0, 0, 0, klubba,0.802,1.034,1.2990000000000002, 1.203, 2.133, 0.932, 1.032, 1.114, 1.355, 1.198
88, fot,1.199,1.3019999999999998,1.7990000000000002, 2.532, 4.301, 1.799, 3.068, 2.267, 1.928, 2.037, rack,2.0, rack,15.0,4.13000011444092,4.913000106811519,5.18599987030029,9.0649995803833,5.00899982452393,8.09700012207031, armbåge,4.0, 3.0, 7.0, hand,0.0, 1.0, fot,1.0,0.0, 0.0, klubba,9.0, armbåge,2.0,2.0, 2.0, hand,6.0,4.0, slagträ,0.8930000066757199,1.2159999608993501,1.6879999637603798, klubba, vänster,0.0,0.0,0.0, 0, 0, 0, klubba,0.9990000000000001,0.963,1.304, 1.234, 1.266, 1.134, 1.231, 1.333, 1.199, 1.034
89, fot,0.934,1.365,0.731, 1.302, 1.396, 1.503, 1.434, 0.962, 1.203375, 1.17, rack,10.0, rack,6.33599996566772,3.78800010681152,3.68799996376038,3.20199990272522,6.63100004196167,3.6159999370575,12.979999542236301, armbåge,6.0,5.0, 5.0, hand,12.0, 18.0, fot,12.0, 1.0, 3.0, klubba,8.0, lår,12.0,23.0, 16.0, hand,7.0,20.0, slagträ,2.72000002861023,0.8259999752044681,1.6230000257492099, klubba, höger,2.0,0.0,3.0, 0, 0, 2, klubba,0.6,0.664,0.767, 0.631, 0.804, 0.663, 0.738, 0.766, 0.629, 0.905
90, fot,0.602,0.9309999999999999,1.065, 0.834, 1.167, 0.901, 3.069, 1.23, 1.5, 1.568, rack,8.0, rack,6.56599998474121,3.8099999427795397,4.84100008010864,3.58800005912781,9.5620002746582,3.98900008201599,3.18700003623962, armbåge,3.0, 10.0, 8.0, hand,20.0, 3.0, fot,1.0,0.0, 1.0, klubba,18.0, lår,4.0,7.0, 18.0, hand,18.0,22.0, slagträ,3.38599991798401,2.0409998893737797, 3.88299989700317, klubba, höger,0.0,1.0,2.0, 2, 2, 0, klubba,0.39799999999999996,0.5670000000000001,1.028, 0.474, 0.792, 0.667, 0.702, 0.539, 0.562, 0.571
91, fot,1.7956666666666699,1.66,1.405, 2.066, 2.433, 1.2, 2.167, 1.6, 1.366, 2.264, rack,2.0, rack,12.8400001525879,7.2020001411438,4.77099990844727,15.0,15.0,4.728000164031981,4.20900011062622, armbåge,3.0, 3.0, 3.0, hand,6.0, 12.0, fot,0.0,1.0, 1.0, klubba,5.0, lår,2.0,3.0, 2.0, hand,4.0,5.0, slagträ,1.20899999141693,1.2519999742507901, 1.3860000371933, klubba, höger,0.0,0.0,0.0, 0, 0, 0, klubba,0.737,1.304,2.5269999999999997, 1.099, 1.064, 1.189, 0.982, 1.634, 1.168, 1.097
92, fot,0.565,0.868,0.833, 0.868, 0.937, 0.898, 0.834, 0.963, 1.066, 0.767, rack,8.0, rack,5.01200008392334,3.03600001335144,2.98900008201599,2.9909999370575,2.84599995613098,2.64000010490417,2.4719998836517303, armbåge,2.0, 6.0, 5.0, hand,19.0, 16.0, fot,0.0,0.0, 1.0, klubba,12.0, lår,5.0,8.0, 26.0, hand,13.0,8.0, slagträ,2.49399995803833,2.2179999351501496, 1.24199998378754, klubba, höger,0.0,1.0,0.0, 3, 3, 2, klubba,0.40299999999999997,0.5670000000000001,1.768, 0.698, 0.835, 0.864, 0.635, 1.031, 0.736, 0.566
93, fot,0.9,0.866,0.9857142857142859, 0.903, 1.198, 0.868, 1.066, 0.931, 1.166, 0.768, rack,2.0, rack,7.124000072479251,5.04099988937378,4.40000009536743,5.05399990081787,10.762000083923303,4.36399984359741,4.63000011444092, armbåge,4.0, 3.0, 8.0, hand,17.0, 15.0, fot,2.0, 3.0, 2.0, klubba,8.0, lår,2.0,3.0, 2.0, hand,5.0,9.0, slagträ,1.02300000190735,0.97299998998642, 1.77100002765656, klubba, höger,1.0,0.0,3.0, 0, 1, 0, klubba,0.703,1.062,2.568, 0.932, 1.102, 0.866, 0.968, 0.801, 0.933, 0.898
94, fot,0.833,2.263,1.271,1.732,2.33,1.865,1.131,2.3680000000000003,1.565,1.87, rack,2.0, rack,5.17600011825562,15.0,7.03499984741211,8.20800018310547,6.13299989700317,3.42000007629395,5.95499992370605, armbåge,4.0, 2.0, 4.0, hand,2.0, 6.0, fot,2.0, 3.0, 1.0, klubba,6.0, armbåge,4.0,3.0, 1.0, hand,17.0,18.0, slagträ,1.4900000095367398,0.949000000953674, 0.705999970436096, klubba,,0.0,0,2,1,2,1, klubba,0.8320000000000001,1.202,1.766,1.031,1.265,1.068,1.0659999999999998,1.0979999999999999,1.37,0.799
95,,,,,,,,,,,, rack,1.0,,,,,,,,, armbåge,3.0, 2.0, 2.0, hand,4.0, 0.0, fot,0.0, 0.0, 1.0, klubba,3.0, armbåge,1.0,2.0, 2.0, hand,5.0,4.0, slagträ,0.601000010967255,0.675999999046326, 0.398000001907349, klubba,,0.0,1,2,2,3,1, klubba,1.067,2.535,2.565,2.735,2.165,1.801,1.635,1.8659999999999999,1.8019999999999998,1.4980000000000002
96, fot,1.265,1.367,1.102,1.1640000000000001,1.034,2.066,1.1320000000000001,1.2670000000000001,2.167,1.0959999999999999, rack,1.0, rack,5.93599987030029,5.499000072479251,6.125,4.53599977493286,4.06699991226196,7.03499984741211,3.20499992370605, armbåge,2.0, 2.0, 2.0, hand,1.0, 0.0, fot,1.0, 2.0, 0.0, klubba,4.0, armbåge,2.0,2.0, 2.0, hand,5.0,7.0, slagträ,0.7059999704360959,0.5950000286102289, 1.4099999666214, klubba,,0.0,0,2,0,0,0, klubba,1.166,1.167,1.0290000000000001,1.071,1.033,1.03,0.97,1.3630000000000002,1.1340000000000001,1.069
97, fot,1.48,1.6130000000000002,1.932,2.634,1.899,2.4,2.335,2.967,3.43,2.237, rack,0.0, rack,15.0,15.0,15.0,15.0,15.0,15.0,15.0, armbåge,3.0, 3.0, 2.0, hand,1.0, 0.0, fot,0.0, 1.0, 0.0, klubba,5.0, armbåge,2.0,3.0, 2.0, hand,2.0,2.0, slagträ,0.915000021457672,1.9190000295639, 0.809000015258789, klubba,,0.0,0,0,0,0,0, klubba,1.131,3.531,1.736,1.232,1.567,4.664,1.669,1.265,1.8980000000000001,2.87
98, fot,0.836,1.065,1.466,1.2990000000000002,1.464,1.6369999999999998,2.263,2.8689999999999998,1.268,2.266, rack,2.0, rack,8.43099975585938,10.5869998931885,4.25299978256226,4.492000102996831,3.40700006484985,3.45499992370605,4.77699995040894, armbåge,5.0, 3.0, 5.0, hand,2.0, 7.0, fot,1.0, 1.0, 1.0, klubba,2.0, armbåge,3.0,2.0, 3.0, hand,8.0,4.0, slagträ,0.381999999284744,0.9409999847412109, 0.837999999523163, klubba,,0.0,3,1,0,1,0, klubba,0.501,1.3319999999999999,0.568,2.032,1.135,0.665,0.932,0.971,0.9640000000000001,0.7340000000000001
99, fot,1.466,1.202,1.766,3.136,2.031,1.5330000000000001,2.597,1.868,1.5019999999999998,1.8, rack,4.0, rack,15.0,15.0,9.03699970245361,5.85699987411499,5.21700000762939,12.173999786377001,5.770999908447269, armbåge,2.0, 2.0, 4.0, hand,1.0, 0.0, fot,1.0, 3.0, 1.0, klubba,10.0, armbåge,3.0,3.0, 3.0, hand,12.0,14.0, slagträ,1.7200000286102302,1.5650000572204599, 1.62999999523163, klubba,,0.0,1,0,0,3,1, klubba,0.5660000000000001,0.73,1.9340000000000002,0.8690000000000001,0.767,0.732,1.5,0.73,0.736,1.4040000000000001
100, fot,0.767,1.069,1.234,1.1,1.094,4.333,1.7009999999999998,1.173,1.262,1.733, rack,7.0, rack,2.7360000610351602,2.25500011444092,4.48199987411499,4.90299987792969,2.74600005149841,2.99699997901917,5.8060002326965305, armbåge,5.0, 8.0, 7.0, hand,19.0,11.0, fot,2.0,10.0, 9.0, klubba,12.0, armbåge,6.0,4.0, 5.0, hand,9.0,7.0, slagträ,1.4509999752044698,0.7960000038146969, 3.04299998283386, klubba,,1.0,1,0,1,2,3, klubba,0.736,0.5660000000000001,0.703,0.6609999999999999,0.7040000000000001,0.728,0.867,0.805,0.76,0.604
101, fot,0.696,0.865,1.535,2.168,1.364,2.699,1.406,1.496,1.806,1.097, rack,3.0, rack,4.35900020599365,7.6680002212524405,3.99000000953674,6.45900011062622,3.99699997901917,4.21799993515015,6.9539999961853, armbåge,3.0, 4.0, 1.0, hand,10.0, 14.0, fot,5.0, 1.0, 3.0, klubba,5.0, armbåge,2.0,2.0, 1.0, hand,16.0,7.0, slagträ,1.05999994277954,0.996999979019165, 1.06400001049042, klubba,,0.0,0,3,2,2,3, klubba,0.83,0.836,1.1340000000000001,0.9,0.93,0.8,1.739,0.764,0.898,0.737
102, fot,1.33,1.936,1.597,1.867,1.501,1.966,1.798,1.3659999999999999,1.203,1.9669999999999999, rack,5.0, rack,15.0,15.0,13.809000015258801,4.925000190734861,3.4059998989105202,3.63499999046326,8.89200019836426, armbåge,2.0, 4.0, 3.0, hand,1.0, 1.0, fot,1.0, 1.0, 1.0, klubba,7.0, armbåge,3.0,2.0, 2.0, hand,8.0,4.0, slagträ,1.25300002098083,2.05599999427795, 1.23000001907349, klubba,,0.0,2,0,1,3,3, klubba,0.9009999999999999,1.569,1.429,1.501,1.4340000000000002,1.4340000000000002,1.297,1.371,1.364,1.335
103, fot,0.7020000000000001,1.416,1.4469999999999998,1.5,1.3359999999999999,1.3030000000000002,0.863,2.2680000000000002,1.097,0.9670000000000001, rack,5.0, rack,6.38899993896484,2.71799993515015,5.1479997634887695,7.72200012207031,2.9389998912811297,6.08699989318848,8.14099979400635, armbåge,8.0, 6.0, 5.0, hand,15.0, 17.0, fot,3.0, 3.0, 2.0, klubba,8.0, armbåge,7.0,2.0, 11.0, hand,21.0,28.0, slagträ,0.37200000882148704,1.4889999628066999, 2.61400008201599, klubba,,0.0,1,2,1,0,0, klubba,0.603,1.036,1.196,0.9329999999999999,1.505,0.996,1.102,0.9690000000000001,1.13,0.8340000000000001
104, fot,0.606,1.263,1.067,0.935,0.8340000000000001,1.2309999999999999,0.805,0.963,0.8029999999999999,0.836, rack,11.0, rack,3.36400008201599,6.999000072479251,3.29800009727478,2.59200000762939,3.2449998855590803,2.55399990081787,4.71700000762939, armbåge,2.0, 4.0, 2.0, hand,6.0,1.0, fot,5.0,14.0, 1.0, klubba,22.0, armbåge,9.0,9.0, 2.0, hand,19.0,3.0, slagträ,1.63999998569489,1.35000002384186, 5.3769998550415, klubba,,0.0,1,0,2,2,0, klubba,0.335,1.0979999999999999,0.5710000000000001,0.53,0.501,0.595,0.505,0.564,0.504,0.467
105, fot,0.6659999999999999,1.13,1.033,3.6,1.3134,1.734,1.033,1.3330000000000002,1.2,1.2670000000000001, rack,7.0, rack,3.8359999656677206,2.3559999465942405,3.33299994468689,14.432000160217301,3.89400005340576,8.564000129699709,3.5550000667572004, armbåge,2.0, 2.0, 2.0, hand,3.0, 8.0, fot,0.0, 2.0, 1.0, klubba,1.0, armbåge,2.0,3.0, 2.0, hand,18.0,3.0, slagträ,1.11300003528595,0.994000017642975, 1.51300001144409, klubba,,0.0,0,0,0,0,0, klubba,1.17,1.028,2.405,0.7979999999999999,2.568,0.8320000000000001,1.0,1.0659999999999998,1.135,1.198
106, fot,1.0,1.2309999999999999,1.365,1.9340000000000002,1.5,1.903,0.866,3.335,0.93,1.969, rack,2.0, rack,6.224999904632571,9.76200008392334,6.15199995040894,5.7480001449585,4.8790001869201705,5.6739997863769505,8.125, armbåge,3.0, 2.0, 3.0, hand,3.0, 14.0, fot,1.0, 1.0, 0.0, klubba,6.0, armbåge,2.0,2.0, 4.0, hand,6.0,2.0, slagträ,1.5169999599456798,1.1089999675750701, 1.36000001430511, klubba,,0.0,1,0,3,3,3, klubba,0.7809999999999999,0.904,0.769,0.9420000000000001,0.722,1.568,0.8959999999999999,1.801,0.9359999999999999,1.5330000000000001
107, fot,0.6990000000000001,1.03,1.57,1.0979999999999999,1.169,1.197,1.166,1.3030000000000002,1.0,1.032, rack,9.0, rack,4.13399982452393,2.7750000953674303,3.20700001716614,2.80100011825562,2.89299988746643,2.32100009918213,2.9189999103546103, armbåge,2.0, 12.0, 4.0, hand,19.0, 15.0, fot,6.0, 2.0, 5.0, klubba,14.0, armbåge,2.0,4.0, 19.0, hand,27.0,5.0, slagträ,2.83200001716614,3.2260000705719, 4.15100002288818, klubba,,3.0,0,2,0,3,0, klubba,0.6990000000000001,0.8320000000000001,0.772,0.73,0.6679999999999999,0.598,0.77,1.099,0.8640000000000001,1.235
108, fot,0.867,1.2329999999999999,0.799,1.1,1.8359999999999999,1.463,2.07,1.0190000000000001,1.248,2.032, rack,4.0, rack,8.85900020599365,5.8979997634887695,3.0399999618530296,5.6680002212524405,5.631999969482419,13.869999885559098,3.9340000152587904, armbåge,3.0, 4.0, 5.0, hand,11.0, 17.0, fot,4.0, 1.0, 3.0, klubba,7.0, armbåge,1.0,1.0, 1.0, hand,8.0,8.0, slagträ,1.32000005245209,0.7960000038146969, 0.930000007152557, klubba,,0.0,0,0,2,0,0, klubba,0.665,1.064,0.899,0.97,0.599,1.133,0.67,0.799,0.745,0.985
109, fot,1.402,1.535,1.633,1.9058333333333302,1.331,1.9669999999999999,1.67,1.9,1.331,3.236, rack,5.0, rack,4.04699993133545,4.36600017547607,3.67600011825562,3.91700005531311,3.81299996376038,3.18099999427795,3.73300004005432, armbåge,3.0, 1.0, 0.0, hand,14.0, 7.0, fot,1.0, 1.0, 0.0, klubba,6.0, armbåge,4.0,3.0, 3.0, hand,17.0,5.0, slagträ,1.7730000019073502,2.15499997138977, 1.01400005817413, klubba,,0.0,0,0,3,0,0, klubba,1.5030000000000001,1.335,1.234,1.3330000000000002,1.301,1.2309999999999999,0.966,1.033,1.165,1.235
110, fot,1.8430000000000002,1.57,1.801,2.3930000000000002,1.171,1.297,2.635,1.102,1.829,1.499, rack,5.0, rack,3.93099999427795,4.21600008010864,3.8540000915527304,4.08400011062622,4.7979998588562,4.13600015640259,7.508999824523929, armbåge,3.0, 2.0, 3.0, hand,5.0, 4.0, fot,1.0, 3.0, 2.0, klubba,7.0, armbåge,7.0,6.0, 4.0, hand,11.0,13.0, slagträ,1.5509999990463301,1.99899995326996, 0.591000020503998, klubba,,1.0,0,2,0,2,0, klubba,0.6679999999999999,0.9690000000000001,0.9690000000000001,0.7979999999999999,0.93,0.703,0.867,0.735,0.862,0.672
111, fot,1.162,1.7,1.334,1.798,2.969,1.235,1.963,1.47,1.567,1.466,,, rack,4.78499984741211,4.74499988555908,4.8790001869201705,4.705999851226809,4.53000020980835,4.10699987411499,4.15799999237061, armbåge,5.0, 4.0, 5.0, hand,18.0, 21.0, fot,3.0, 4.0, 6.0, klubba,10.0, armbåge,6.0,4.0, 4.0, hand,24.0,26.0, slagträ,0.972000002861023,0.745000004768372, 0.810999989509583, klubba,,0.0,1,0,2,2,0, klubba,0.799,1.002,1.032,0.9309999999999999,0.9329999999999999,1.167,1.165,1.003,1.131,0.8340000000000001
112, fot,0.965,1.365,5.202000000000001,5.067,1.6980000000000002,2.668,3.03,1.6030000000000002,3.832,2.431, rack,0.0, rack,15.0,14.4300003051758,6.11100006103516,5.04699993133545,15.0,5.40100002288818,4.92799997329712, armbåge,1.0, 4.0, 1.0, hand,1.0, 0.0, fot,0.0, 0.0, 1.0, klubba,7.0, armbåge,1.0,2.0, 2.0, hand,2.0,1.0, slagträ,0.9589999914169308,1.13399994373322, 0.85699999332428, klubba,,0.0,0,2,0,3,1, klubba,1.403,1.601,2.468,1.268,1.6280000000000001,1.6736,2.3680000000000003,1.6,1.964,1.87
113, fot,0.735,1.401,2.898,1.43,2.471,2.231,0.8340000000000001,3.636,1.167,2.93, rack,3.0, rack,4.7540001869201705,5.75600004196167,6.68400001525879,4.99399995803833,5.656000137329099,4.099999904632569,4.09100008010864, armbåge,4.0, 3.0, 3.0, hand,6.0, 5.0, fot,1.0, 3.0, 0.0, klubba,8.0, armbåge,2.0,4.0, 3.0, hand,4.0,4.0, slagträ,1.04100000858307,2.06299996376038, 2.11899995803833, klubba,,2.0,0,2,2,2,3, klubba,0.97,1.401,1.266,1.271,1.263,1.364,1.401,1.199,1.3980000000000001,1.271
114, fot,0.7959999999999999,0.8690000000000001,0.831,0.799,1.2670000000000001,0.5710000000000001,1.331,0.667,0.891375,0.6679999999999999, rack,4.0, rack,3.98499989509583,4.4770002365112305,3.90300011634827,15.0,7.54699993133545,3.70700001716614,8.53600025177002, armbåge,4.0, 8.0, 3.0, hand,9.0,1.0, fot,3.0,0.0, 1.0, klubba,8.0, armbåge,3.0,4.0, 5.0, hand,12.0,6.0, slagträ,1.76499998569489,2.5309998989105202, 2.37800002098083, klubba,,0.0,1,3,0,0,2, klubba,0.836,0.698,0.935,0.7,0.965,0.768,0.867,0.6,1.901,0.7
115, fot,0.466,1.669,1.1,1.3330000000000002,1.068,1.395,1.4340000000000002,1.736,1.268,1.396, rack,7.0, rack,11.4079999923706,11.253999710083,5.65899991989136,6.3119997978210405,5.83300018310547,15.0,6.36700010299683, armbåge,4.0, 4.0, 5.0, hand,2.0, 5.0, fot,3.0,1.0, 0.0, klubba,9.0, armbåge,6.0,4.0, 2.0, hand,7.0,19.0, slagträ,1.7120000123977699,2.15000009536743, 5.29899978637695, klubba,,2.0,0,0,2,0,0, klubba,0.8009999999999999,1.034,1.564,0.965,0.938,1.163,0.768,1.065,0.903,1.131
116, fot,0.602,1.1340000000000001,1.137,1.266,0.8320000000000001,0.963,0.77,1.2009999999999998,0.934,1.061, rack,4.0, rack,4.39300012588501,5.1290001869201705,4.94500017166138,4.9380002021789595,5.53599977493286,5.53200006484985,5.06699991226196, armbåge,1.0, 2.0, 1.0, hand,18.0, 2.0, fot,2.0,0.0, 1.0, klubba,7.0, armbåge,4.0,2.0, 8.0, hand,4.0,3.0, slagträ,2.63700008392334,1.51499998569489, 3.26999998092651, klubba,,0.0,0,0,0,1,1, klubba,0.736,0.897,1.0979999999999999,0.902,0.985,0.85,0.997,0.938,0.862,1.138
117, fot,1.0979999999999999,0.8640000000000001,1.102,1.402,1.297,1.83,1.569,1.399,1.449,1.02, rack,4.0, rack,5.50400018692017,4.70300006866455,5.00899982452393,5.021999835968019,4.92899990081787,4.8270001411438,4.73299980163574, armbåge,3.0, 3.0, 3.0, hand,11.0, 2.0, fot,6.0, 2.0, 1.0, klubba,5.0, armbåge,5.0,2.0, 3.0, hand,17.0,19.0, slagträ,1.69200003147125,0.6549999713897711, 0.829999983310699, klubba,,0.0,3,0,1,2,0, klubba,0.636,1.203,1.0659999999999998,0.862,1.0979999999999999,0.873,1.065,0.733,1.163,0.804
118, fot,3.2310000000000003,1.2690000000000001,0.9620000000000001,1.238,1.032,1.101,1.068,0.996,1.365,0.871, rack,12.0, rack,5.65500020980835,3.28500008583069,3.31900000572205,3.07599997520447,2.8050000667572004,3.03600001335144,2.86700010299683, armbåge,10.0, 7.0, 10.0, hand,23.0, 3.0, fot,3.0, 6.0, 4.0, klubba,7.0, armbåge,17.0,10.0, 10.0, hand,11.0,20.0, slagträ,0.887000024318695,5.30700016021729, 1.14300000667572, klubba,,3.0,2,2,0,2,0, klubba,1.8330000000000002,0.498,0.9,0.39899999999999997,0.57,0.997,0.7,0.569,0.765,0.5670000000000001
119, fot,1.034,0.897,1.068,1.2329999999999999,1.736,0.903,2.964,3.815,1.082,1.035, rack,9.0, rack,4.44099998474121,3.82599997520447,3.67600011825562,2.97699999809265,6.8850002288818395,4.56400012969971,2.95700001716614, armbåge,3.0, 10.0, 7.0, hand,2.0, 18.0, fot,4.0, 5.0, 2.0, klubba,10.0, armbåge,8.0,5.0, 7.0, hand,17.0,14.0, slagträ,1.8409999608993501,3.4909999370575, 3.38499999046326, klubba,,2.0,0,3,1,2,3, klubba,0.467,0.631,0.7020000000000001,0.5660000000000001,0.769,0.6970000000000001,0.5329999999999999,0.9329999999999999,0.634,0.833
120, fot,1.133,1.3969999999999998,1.37,1.5,1.199,1.2,1.632,1.3019999999999998,1.6340000000000001,1.732, rack,6.0, rack,4.61399984359741,12.0869998931885,4.09899997711182,3.0199999809265097,5.40799999237061,6.8520002365112305,15.0, armbåge,5.0, 7.0, 5.0, hand,12.0, 15.0, fot,7.0, 2.0, 6.0, klubba,9.0, armbåge,3.0,3.0, 4.0, hand,9.0,4.0, slagträ,0.758000016212463,0.737999975681305, 1.9539999961853, klubba,,0.0,1,3,1,3,0, klubba,0.665,0.835,0.7474285714285709,0.638,0.728,0.6990000000000001,0.604,1.262,0.504,0.797
121, fot,1.335,1.48,1.6030000000000002,1.5630000000000002,1.3,1.4669999999999999,1.2690000000000001,1.1320000000000001,1.265,1.633, rack,2.0, rack,11.578000068664599,4.46299982070923,5.4829998016357395,11.6960000991821,12.4770002365112,15.0,8.22200012207031, armbåge,5.0, 3.0, 4.0, hand,2.0, 3.0, fot,1.0, 3.0, 4.0, klubba,4.0, armbåge,3.0,3.0, 3.0, hand,13.0,12.0, slagträ,1.6139999628066999,0.9169999957084659, 0.893999993801117, klubba,,0.0,0,1,0,0,0, klubba,1.0270000000000001,1.2409999999999999,1.262,1.101,1.1320000000000001,0.9690000000000001,1.166,1.265,1.135,1.399
122, fot,0.7659999999999999,1.199,1.0979999999999999,1.403,1.0979999999999999,1.2670000000000001,1.1640000000000001,1.2009999999999998,1.204,1.431, rack,11.0, rack,3.2709999084472696,2.80599999427795,6.9369997978210405,3.84699988365173,3.4600000381469704,3.7190001010894798,2.8949999809265097, armbåge,6.0, 5.0, 3.0, hand,20.0, 20.0, fot,1.0, 3.0, 3.0, klubba,8.0, armbåge,3.0,3.0, 9.0, hand,21.0,23.0, slagträ,1.86099994182587,2.57399988174438, 4.14799976348877, klubba,,0.0,2,0,0,0,3, klubba,0.396,0.8340000000000001,0.67,0.597,0.635,0.634,0.6659999999999999,0.6,0.665,0.537
123, fot,1.196,1.1520000000000001, 1.003, 1.094, 1.268, 1.934, 1.201, 1.367, 1.597, 1.07, rack,1.0, rack,3.54500007629395,3.6860001087188703,3.00300002098083,3.75600004196167,3.0339999198913596,8.85200023651123, 3.76600003242493, armbåge,3.0, 3.0, 5.0, hand,17.0, 11.0, fot,1.0, 1.0, 3.0, klubba,9.0, lår,3.0,9.0, 5.0, hand,8.0,19.0, slagträ,2.60899996757507,3.5529999732971205, 2.21399998664856, klubba, höger,1.0,0.0, 1.0, 2.0, 2.0, 0.0, klubba,0.631,0.7040000000000001, 0.827, 0.635, 0.73, 0.57, 0.866, 0.768, 0.831, 0.57
124, fot,0.698,1.2690000000000001, 0.964, 1.132, 1.037, 1.733, 0.833, 1.013, 0.953, 0.802, rack,10.0, rack,2.75200009346008,7.77600002288818,2.6319999694824197,4.41699981689453,4.52099990844727,5.019999980926509, 2.51099991798401, armbåge,5.0, 5.0, 5.0, hand,15.0,22.0, fot,14.0, 5.0, 4.0, klubba,15.0, lår,32.0,20.0, 19.0, hand,19.0,7.0, slagträ,2.2609999179840097,1.95500004291534, 1.40299999713898, klubba, höger,3.0,0.0, 0.0, 3.0, 0.0, 0.0, klubba,0.598,0.536, 0.699, 0.634, 1.698, 0.565, 0.602, 0.733, 0.601, 0.698
125, fot,1.33333333333333,1.234, 1.196, 1.471, 1.531, 1.4, 1.136, 1.527, 1.24, 1.265, rack,10.0, rack,3.0520000457763703,2.7039999961852996,3.1719999313354506,3.28699994087219,2.8340001106262203,2.6340000629425, 2.80100011825562, armbåge,7.0, 9.0, 8.0, hand,20.0, 6.0, fot,9.0, 1.0, 3.0, klubba,10.0, lår,7.0,5.0, 4.0, hand,20.0,21.0, slagträ,2.36500000953674,8.82800006866455, 1.61199998855591, klubba, höger,0.0,2.0, 0.0, 3.0, 3.0, 3.0, klubba,0.493,0.8, 0.799, 0.905, 0.992, 0.734, 0.9, 0.67, 0.767, 0.697
126, fot,1.003,1.499, 1.764, 1.3, 1.601, 3.468, 1.667, 1.034, 2.062, 1.035, rack,2.0, rack,3.01799988746643,2.9089999198913596,3.13199996948242,3.31699991226196,3.0550000667572004,3.2839999198913596, 3.45700001716614,,,,, hand,5.0, 9.0, fot,1.0, 2.0, 1.0, klubba,6.0, lår,3.0,3.0, 3.0, hand,5.0,16.0, slagträ,0.568000018596649,0.694000005722046, 1.29799997806549, klubba, höger,0.0,0.0, 0.0, 2.0, 1.0, 0.0, klubba,3.9960000000000004,1.2329999999999999, 0.987, 1.95, 1.056, 0.862, 0.9, 0.833, 1.035, 0.896
127, fot,0.898,1.069, 1.097, 0.801, 1.399, 0.698, 1.436, 0.997, 1.069, 1.03, rack,9.0, rack,3.4909999370575,15.0,2.75399994850159,3.04900002479553,2.79500007629395,15.0, 15.0,,,,, hand,5.0, 16.0, fot,4.0, 7.0, 2.0, klubba,6.0, lår,14.0,24.0, 4.0, hand,4.0,15.0, slagträ,2.6340000629425,4.675000190734861, 3.57100009918213, klubba, vänster,1.0,1.0, 0.0, 1.0, 0.0, 0.0, klubba,0.698,0.77, 1.034, 0.599, 0.833, 0.733, 0.936, 0.663, 0.736, 0.961
128, fot,0.637,1.834, 1.245, 1.286, 1.499, 1.367, 1.17, 1.797, 1.367, 1.433, rack,8.0, rack,3.9749999046325697,2.94300007820129,2.72699999809265,2.0239999294281,2.07200002670288,5.59899997711182, 2.67600011825562, armbåge,11.0, 5.0, 14.0, hand,20.0, 23.0, fot,2.0, 0.0, 2.0, klubba,15.0, lår,6.0,11.0, 1.0, hand,2.0,13.0, slagträ,4.4310002326965305,1.70200002193451, 3.97199988365173, klubba, höger,1.0,3.0, 0.0, 2.0, 1.0, 0.0, klubba,0.963,1.867, 0.869, 0.633, 0.83, 0.602, 0.732, 0.368, 3.335, 0.464
129, fot,0.701,1.167, 1.264, 1.731, 1.536, 1.638, 1.662, 1.332, 1.901, 1.233, rack,0.0, rack,15.0,4.72100019454956,4.842999935150151,5.40999984741211,3.6559998989105202,8.324000358581541, 4.55399990081787, armbåge,3.0, 3.0, 3.0, hand,3.0, 5.0, fot,2.0, 9.0, 8.0, klubba,6.0, lår,3.0,3.0, 7.0, hand,10.0,8.0, slagträ,0.7630000114440921,1.56099998950958, 0.439999997615814, klubba, höger,0.0,0.0, 0.0, 0.0, 0.0, 0.0, klubba,0.502,0.568, 1.364, 0.798, 1.304, 1.431, 0.934, 0.734, 0.863, 0.702
130, fot,2.6005,1.2990000000000002, 3.902, 1.70533333333333, 3.428, 1.503, 1.134, 1.297, 1.17, 1.7, rack,1.0, rack,15.0,6.5460000038147,12.1409997940063,11.373000144958501,3.89400005340576,7.29099988937378, 15.0, armbåge,4.0, 3.0, 2.0, hand,2.0, 2.0, fot,2.0, 2.0, 1.0,,, lår,1.0,2.0, 2.0, hand,3.0,4.0, slagträ,0.45699998736381503,0.49099999666214006, 1.33200001716614, klubba, höger,0.0,1.0, 0.0, 0.0, 0.0, 2.0, klubba,0.502,0.833, 1.299, 2.446, 2.422, 2.198, 0.903, 0.83, 0.667, 1.168
131, fot,1.1,1.272, 1.362, 1.439, 1.598, 1.367, 1.764, 1.551, 1.352, 1.498, rack,6.0, rack,3.5859999656677206,15.0,3.33699989318848,11.036999702453599,4.30600023269653,7.90700006484985, 4.82299995422363, armbåge,3.0, 3.0, 2.0, hand,7.0,8.0, fot,1.0, 2.0, 2.0, klubba,5.0, lår,2.0,3.0, 2.0, hand,4.0,3.0, slagträ,2.4869999885559104,1.95899999141693, 1.85500001907349, klubba, höger,0.0,2.0, 0.0, 0.0, 1.0, 0.0, klubba,0.7340000000000001,1.101, 1.23, 1.167, 1.169, 1.099, 1.234, 0.933, 1.263, 1.038
132, fot,0.5660000000000001,1.464, 1.237, 1.03, 1.432, 1.202, 1.533, 1.535, 0.969, 1.332, rack,10.0, rack,5.71099996566772,2.6449999809265097,2.77800011634827,2.6649999618530296,5.5789999961853,2.74000000953674, 2.83299994468689, armbåge,4.0, 7.0, 2.0, hand,18.0,21.0, fot,6.0, 2.0, 2.0, klubba,9.0, lår,39.0,15.0, 12.0, hand,19.0,11.0, slagträ,1.79100000858307,0.982999980449677, 3.92300009727478, klubba, höger,0.0,2.0, 2.0, 0.0, 2.0, 1.0, klubba,0.596,0.669, 0.635, 0.698, 0.771, 0.696, 0.535, 0.799, 0.568, 1.633
133, fot,1.196,1.334, 2.101, 3.836, 6.202, 4.097, 1.733, 3.033, 4.031, 2.032, rack,1.0, rack,7.27199983596802,8.1269998550415,15.0,5.96799993515015,7.485000133514401,6.2399997711181605, 5.87900018692017, armbåge,1.0, 2.0, 1.0, hand,1.0, 0.0, fot,1.0, 0.0, 0.0, klubba,8.0, lår,1.0,1.0, 1.0, hand,3.0,1.0, slagträ,0.745999991893768,1.5620000362396202, 0.657000005245209, klubba, vänster,2.0,2.0,0.0,1.0,0.0,0.0, klubba,1.252,1.2, 1.2, 0.865, 1.802, 3.332, 4.935, 0.995, 1.5, 3.268
134, fot,0.867,1.5319999999999998, 1.302, 1.031, 1.135, 1.101, 1.099, 1.566, 1.801, 1.363, rack,7.0, rack,2.9059998989105202,2.60800004005432,6.86700010299683,3.2449998855590803,3.03699994087219,2.63299989700317, 4.86100006103516, armbåge,6.0, 2.0, 3.0, hand,11.0, 18.0, fot,1.0, 1.0, 2.0, klubba,8.0, lår,3.0,9.0, 5.0, hand,5.0,17.0, slagträ,3.27300000190735,1.06299996376038, 4.44799995422363, klubba, vänster,0.0,2.0, 0.0, 0.0, 2.0, 0.0, klubba,0.9309999999999999,0.9690000000000001, 1.068, 0.932, 1.001, 0.998, 1.001, 1.1, 1.117, 2.247
135, fot,1.2990000000000002,1.0659999999999998, 3.002, 2.296, 1.603, 1.665, 1.604, 3.497, 1.198, 2.635, rack,3.0, rack,5.56799983978271,4.44799995422363,4.55800008773804,5.30200004577637,4.19299983978271,3.56200003623962, 7.0, armbåge,6.0, 5.0, 3.0, hand,8.0, 1.0, fot,4.0, 3.0, 0.0, klubba,3.0, lår,1.0,5.0, 2.0, hand,5.0,14.0, slagträ,1.16199994087219,1.13300001621246, 2.13700008392334, klubba, höger,0.0,0.0, 0.0, 3.0, 0.0, 0.0, klubba,0.802,1.432, 1.333, 1.329, 1.18, 1.254, 1.1, 1.267, 1.133, 1.134
136, fot,0.67,1.3769999999999998, 1.355, 1.531, 1.436, 0.629, 2.071, 1.829, 1.268, 1.037, rack,7.0, rack,2.76900005340576,3.0309998989105202,9.90100002288818,4.53399991989136,2.9479999542236297,15.0, 4.24499988555908, armbåge,3.0, 4.0, 6.0, hand,19.0, 19.0, fot,5.0, 3.0, 4.0, klubba,10.0, lår,14.0,10.0, 17.0, hand,20.0,6.0, slagträ,1.8719999790191697,2.6319999694824197, 4.93900012969971, klubba, vänster,0.0,2.0,1.0,1.0,3.0,1.0, klubba,0.67,0.895, 0.803, 0.931, 0.866, 1.103, 0.93, 0.933, 0.97, 0.798
137, fot,1.426,2.002, 2.098, 2.033, 1.439, 1.565, 2.268, 4.262, 1.771, 1.732, rack,2.0, rack,6.7979998588562,6.77799987792969,4.27799987792969,7.881999969482419,4.76200008392334,5.4980001449585, 3.8989999294281, armbåge,3.0, 4.0, 2.0, hand,2.0, 1.0, fot,2.0, 2.0, 2.0, klubba,6.0, lår,2.0,2.0, 2.0, hand,5.0,16.0, slagträ,2.23300004005432,1.9179999828338603, 2.58999991416931, klubba, höger,0.0,0.0, 1.0, 3.0, 2.0, 0.0, klubba,1.143,1.22, 1.7, 1.239, 1.33, 1.3, 1.634, 1.132, 2.101, 1.531
138, fot,0.9,1.433, 1.166, 1.599, 1.633, 1.402, 1.598, 1.434, 1.632, 1.27, rack,3.0, rack,3.7939999103546103,3.2339999675750697,3.4449999332427996,15.0,3.36899995803833,3.43199992179871, 3.60400009155273, armbåge,1.0, 6.0, 5.0, hand,4.0, 1.0, fot,1.0, 1.0, 2.0, klubba,5.0, lår,3.0,3.0, 2.0, hand,5.0,6.0, slagträ,1.36899995803833,2.25, 0.629999995231628, klubba, höger,0.0,0.0, 1.0, 0.0, 0.0, 2.0, klubba,0.9690000000000001,1.069, 1.563, 1.634, 0.898, 1.036, 0.901, 1.165, 0.963, 1.04
139, fot,0.632,1.002, 1.729, 1.766, 1.732, 1.303, 0.962, 2.538, 0.929, 2.198, rack,4.0, rack,15.0,6.56699991226196,5.36399984359741,7.145999908447269,11.3999996185303,4.888999938964839, 5.06799983978271, armbåge,2.0, 2.0, 3.0, hand,6.0, 4.0, fot,4.0, 4.0, 2.0, klubba,4.0, lår,5.0,3.0, 11.0, hand,7.0,4.0, slagträ,2.73799991607666,2.35400009155273, 2.38000011444092, klubba, höger,3.0,0.0, 1.0, 1.0, 0.0, 0.0, klubba,0.732,1.102, 0.902, 1.03, 0.802, 1.071, 0.767, 0.996, 0.729, 0.901
140, fot,1.193,2.637, 1.932, 2.166, 1.67, 2.066, 2.266, 2.566, 3.27, 2.231,,, rack,15.0,15.0,15.0,15.0,3.8420000076293905,15.0, 3.41400003433228, armbåge,3.0, 2.0, 3.0, hand,11.0, 6.0, fot,0.0, 0.0, 0.0, klubba,6.0, lår,3.0,2.0, 4.0, hand,4.0,3.0, slagträ,0.546000003814697,1.00899994373322, 1.04799997806549, klubba, vänster,0.0,0.0,0.0,0.0,0.0,0.0, klubba,1.268,1.699, 1.732, 1.367, 1.701, 1.298, 2.57, 1.263, 6.869, 1.662
141,,,,,,,,,,,, rack,1.0, rack,5.57399988174438,4.67700004577637,5.06400012969971,3.89199995994568,4.23400020599365,3.33200001716614, 3.22699999809265,,,,, hand,1.0, 1.0,,,,, klubba,9.0,,,,, hand,4.0,18.0,,,,, klubba, höger,2.0,1.0, 2.0, 3.0, 0.0, 0.0,,,,,,,,,,,
142, fot,1.5816666666666699,1.567, 1.034, 1.037, 0.862, 3.768, 1.468, 1.763, 1.433, 1.303, rack,4.0, rack,7.32999992370605,3.27800011634827,3.49399995803833,3.11500000953674,5.729000091552731,3.1979999542236297, 3.40199995040894, armbåge,7.0, 2.0, 3.0, hand,7.0, 3.0, fot,4.0,8.0, 2.0, klubba,10.0, lår,4.0,9.0, 6.0, hand,16.0,9.0, slagträ,1.06200003623962,0.8999999761581421, 2.6340000629425, klubba, höger,0.0,3.0, 1.0, 0.0, 2.0, 3.0, klubba,0.7340000000000001,0.665, 0.8, 0.736, 0.699, 0.966, 0.931, 0.737, 0.797, 0.667
143, fot,1.1,1.33, 1.869, 1.734, 1.734, 1.934, 1.528, 1.306, 1.596, 1.836, rack,10.0, rack,3.3480000495910605,6.01800012588501,3.5550000667572004,3.0710000991821302,3.10199999809265,2.9279999732971205, 3.28999996185303, armbåge,3.0, 5.0, 5.0, hand,18.0, 19.0, fot,0.0, 1.0, 0.0, klubba,8.0, lår,4.0,5.0, 5.0, hand,19.0,17.0, slagträ,4.550000190734861,2.22900009155273, 0.781000018119812, klubba, höger,0.0,2.0, 0.0, 0.0, 3.0, 0.0, klubba,0.665,0.997, 1.17, 0.932, 0.899, 1.072, 0.941, 0.857, 0.964, 0.866
144, fot,1.13,1.264, 1.27, 1.435, 0.999, 1.234, 1.464, 1.336, 1.133, 0.864, rack,3.0, rack,4.58300018310547,6.5100002288818395,15.0,4.28399991989136,3.4140000343322794,12.333000183105499, 4.16699981689453,,,,, hand,13.0, 1.0,,,,, klubba,9.0, lår,4.0,2.0, 3.0, hand,2.0,2.0, slagträ,0.847000002861023,1.48699998855591, 1.96399998664856, klubba, höger,0.0,0.0, 0.0, 0.0, 0.0, 2.0, klubba,0.633,0.9309999999999999, 0.838, 0.702, 0.826, 0.972, 0.8, 0.729, 0.735, 0.698
145, fot,1.032,1.167, 2.798, 1.498, 3.3922, 3.467, 3.962, 1.105, 4.732, 3.695, rack,2.0, rack,15.0,15.0,10.5450000762939,15.0,15.0,4.41499996185303, 15.0, armbåge,2.0, 2.0, 2.0, hand,1.0, 1.0, fot,0.0, 1.0, 0.0, klubba,4.0,,,,, hand,3.0,2.0, slagträ,1.40199995040894,1.0980000495910602, 1.07500004768372, klubba, vänster,1.0,0.0,0.0,0.0,0.0,0.0, klubba,1.0,0.898, 1.202, 0.799, 11.864, 1.138, 4.701, 1.929, 0.867, 1.432
146, fot,0.769,0.865, 0.866, 2.837, 1.798, 3.501, 1.328, 1.832, 0.866, 1.3, rack,2.0, rack,5.3769998550415,3.20000004768372,5.44799995422363,3.77999997138977,5.8270001411438,3.45199990272522, 3.27900004386902, armbåge,3.0, 3.0, 4.0, hand,17.0, 11.0, fot,1.0, 1.0, 1.0, klubba,2.0, lår,2.0,3.0, 1.0, hand,11.0,4.0, slagträ,1.46899998188019,1.51199996471405, 0.958999991416931, klubba, höger,2.0,2.0, 0.0, 1.0, 0.0, 0.0, klubba,0.866,0.968, 0.796, 1.001, 0.801, 1.131, 0.668, 1.201, 0.8, 0.733
147, fot,0.867,1.032, 1.531, 1.17, 0.866, 1.269, 0.762, 1.539, 0.861, 1.47, rack,7.0, rack,3.8350000381469704,6.019000053405759,5.242000102996831,8.02700042724609,9.27099990844727,3.39400005340576, 8.04899978637695, armbåge,3.0, 4.0, 5.0, hand,5.0, 16.0, fot,2.0, 3.0, 1.0, klubba,8.0, lår,5.0,3.0, 2.0, hand,7.0,2.0, slagträ,0.845000028610229,1.6720000505447399, 4.41499996185303, klubba, höger,0.0,0.0, 0.0, 0.0, 0.0, 0.0, klubba,0.831,0.9690000000000001, 0.834, 1.131, 0.769, 0.865, 0.699, 0.933, 0.833, 0.704
148, fot,1.065,1.8659999999999999, 1.531, 1.603, 1.566, 1.265, 1.602, 1.897, 1.138, 3.134, rack,3.0, rack,15.0,15.0,11.8269996643066,4.1869997978210405,4.17199993133545,10.4440002441406, 7.32499980926514, armbåge,4.0, 3.0, 1.0, hand,6.0, 4.0, fot,1.0, 1.0, 1.0, klubba,9.0, lår,2.0,2.0, 3.0, hand,10.0,6.0, slagträ,1.08500003814697,0.657000005245209, 1.53299999237061, klubba, höger,0.0,0.0, 0.0, 0.0, 2.0, 0.0, klubba,1.436,1.232, 1.337, 1.327, 1.033, 1.035, 1.07, 0.934, 0.794, 0.971
